ISO-10303-21;
HEADER;
/* Generated by software containing ST-Developer
 * from STEP Tools, Inc. (www.steptools.com) 
 */
/* OPTION: strings as raw bytes, not using required /X/ escapes */

FILE_DESCRIPTION(
/* description */ ('Unknown'),
/* implementation_level */ '2;1');

FILE_NAME(
/* name */ '430483025816',
/* time_stamp */ '2021-02-03T11:24:37+01:00',
/* author */ ('Unknown'),
/* organization */ ('Unknown'),
/* preprocessor_version */ 'ST-DEVELOPER v16.7',
/* originating_system */ 'DEX',
/* authorisation */ $);

FILE_SCHEMA (('AUTOMOTIVE_DESIGN {1 0 10303 214 3 1 1}'));
ENDSEC;

DATA;
#10=PROPERTY_DEFINITION_REPRESENTATION(#14,#12);
#11=PROPERTY_DEFINITION_REPRESENTATION(#15,#13);
#12=REPRESENTATION('',(#16),#6011);
#13=REPRESENTATION('',(#17),#6011);
#14=PROPERTY_DEFINITION('pmi validation property','',#6020);
#15=PROPERTY_DEFINITION('pmi validation property','',#6020);
#16=VALUE_REPRESENTATION_ITEM('number of annotations',COUNT_MEASURE(0.));
#17=VALUE_REPRESENTATION_ITEM('number of views',COUNT_MEASURE(0.));
#18=B_SPLINE_CURVE_WITH_KNOTS('',3,(#5799,#5800,#5801,#5802),
 .UNSPECIFIED.,.F.,.F.,(4,4),(0.,1.),.UNSPECIFIED.);
#19=B_SPLINE_CURVE_WITH_KNOTS('',3,(#5803,#5804,#5805,#5806),
 .UNSPECIFIED.,.F.,.F.,(4,4),(0.,1.),.UNSPECIFIED.);
#20=B_SPLINE_CURVE_WITH_KNOTS('',3,(#5823,#5824,#5825,#5826),
 .UNSPECIFIED.,.F.,.F.,(4,4),(0.,1.),.UNSPECIFIED.);
#21=B_SPLINE_CURVE_WITH_KNOTS('',3,(#5830,#5831,#5832,#5833),
 .UNSPECIFIED.,.F.,.F.,(4,4),(0.,1.),.UNSPECIFIED.);
#22=B_SPLINE_CURVE_WITH_KNOTS('',3,(#5930,#5931,#5932,#5933),
 .UNSPECIFIED.,.F.,.F.,(4,4),(0.,1.),.UNSPECIFIED.);
#23=B_SPLINE_CURVE_WITH_KNOTS('',3,(#5937,#5938,#5939,#5940),
 .UNSPECIFIED.,.F.,.F.,(4,4),(0.,1.),.UNSPECIFIED.);
#24=B_SPLINE_CURVE_WITH_KNOTS('',3,(#5960,#5961,#5962,#5963),
 .UNSPECIFIED.,.F.,.F.,(4,4),(0.,1.),.UNSPECIFIED.);
#25=B_SPLINE_CURVE_WITH_KNOTS('',3,(#5964,#5965,#5966,#5967),
 .UNSPECIFIED.,.F.,.F.,(4,4),(0.,1.),.UNSPECIFIED.);
#26=B_SPLINE_SURFACE_WITH_KNOTS('',3,3,((#5780,#5781,#5782,#5783),(#5784,
#5785,#5786,#5787),(#5788,#5789,#5790,#5791),(#5792,#5793,#5794,#5795)),
 .UNSPECIFIED.,.F.,.F.,.F.,(4,4),(4,4),(0.,1.),(-0.00610060244012655,1.00600100912788),
 .UNSPECIFIED.);
#27=B_SPLINE_SURFACE_WITH_KNOTS('',3,3,((#5807,#5808,#5809,#5810),(#5811,
#5812,#5813,#5814),(#5815,#5816,#5817,#5818),(#5819,#5820,#5821,#5822)),
 .UNSPECIFIED.,.F.,.F.,.F.,(4,4),(4,4),(0.,1.),(-0.00610060244012642,1.00600100912786),
 .UNSPECIFIED.);
#28=B_SPLINE_SURFACE_WITH_KNOTS('',3,3,((#5914,#5915,#5916,#5917),(#5918,
#5919,#5920,#5921),(#5922,#5923,#5924,#5925),(#5926,#5927,#5928,#5929)),
 .UNSPECIFIED.,.F.,.F.,.F.,(4,4),(4,4),(0.,1.),(-0.00610060244012266,1.00600100912723),
 .UNSPECIFIED.);
#29=B_SPLINE_SURFACE_WITH_KNOTS('',3,3,((#5941,#5942,#5943,#5944),(#5945,
#5946,#5947,#5948),(#5949,#5950,#5951,#5952),(#5953,#5954,#5955,#5956)),
 .UNSPECIFIED.,.F.,.F.,.F.,(4,4),(4,4),(0.,1.),(-0.00610060244012643,1.00600100912787),
 .UNSPECIFIED.);
#30=CONTEXT_DEPENDENT_SHAPE_REPRESENTATION(#34,#6022);
#31=CONTEXT_DEPENDENT_SHAPE_REPRESENTATION(#35,#6024);
#32=NEXT_ASSEMBLY_USAGE_OCCURRENCE('base','base','base',#6025,#6026,'');
#33=NEXT_ASSEMBLY_USAGE_OCCURRENCE('top cover','top cover','top cover',
#6025,#6027,'');
#34=(
REPRESENTATION_RELATIONSHIP(' ',' ',#3942,#3943)
REPRESENTATION_RELATIONSHIP_WITH_TRANSFORMATION(#36)
SHAPE_REPRESENTATION_RELATIONSHIP()
);
#35=(
REPRESENTATION_RELATIONSHIP(' ',' ',#3944,#3943)
REPRESENTATION_RELATIONSHIP_WITH_TRANSFORMATION(#37)
SHAPE_REPRESENTATION_RELATIONSHIP()
);
#36=ITEM_DEFINED_TRANSFORMATION(' ',' ',#3945,#4110);
#37=ITEM_DEFINED_TRANSFORMATION(' ',' ',#3945,#4184);
#38=SHAPE_REPRESENTATION_RELATIONSHIP('','',#3942,#40);
#39=SHAPE_REPRESENTATION_RELATIONSHIP('','',#3944,#41);
#40=ADVANCED_BREP_SHAPE_REPRESENTATION('',(#3937),#6012);
#41=ADVANCED_BREP_SHAPE_REPRESENTATION('',(#3938),#6013);
#42=TOROIDAL_SURFACE('',#4105,1.4,0.1);
#43=ELLIPSE('',#3953,0.0707106781186551,0.05);
#44=ELLIPSE('',#3955,0.0707106781186551,0.05);
#45=ELLIPSE('',#3963,0.0707106781186551,0.05);
#46=ELLIPSE('',#3965,0.0707106781186548,0.05);
#47=CYLINDRICAL_SURFACE('',#3952,0.05);
#48=CYLINDRICAL_SURFACE('',#3962,0.05);
#49=CYLINDRICAL_SURFACE('',#4019,0.074999999999999);
#50=CYLINDRICAL_SURFACE('',#4020,0.225);
#51=CYLINDRICAL_SURFACE('',#4023,0.225000000000001);
#52=CYLINDRICAL_SURFACE('',#4024,0.0749999999999994);
#53=CYLINDRICAL_SURFACE('',#4028,0.225);
#54=CYLINDRICAL_SURFACE('',#4031,0.074999999999999);
#55=CYLINDRICAL_SURFACE('',#4036,0.225000000000001);
#56=CYLINDRICAL_SURFACE('',#4039,0.0749999999999994);
#57=CYLINDRICAL_SURFACE('',#4047,0.224999999999998);
#58=CYLINDRICAL_SURFACE('',#4050,0.0749999999999981);
#59=CYLINDRICAL_SURFACE('',#4055,0.224999999999998);
#60=CYLINDRICAL_SURFACE('',#4058,0.0749999999999984);
#61=CYLINDRICAL_SURFACE('',#4076,0.0749999999999981);
#62=CYLINDRICAL_SURFACE('',#4077,0.224999999999998);
#63=CYLINDRICAL_SURFACE('',#4080,0.224999999999998);
#64=CYLINDRICAL_SURFACE('',#4081,0.0749999999999984);
#65=CYLINDRICAL_SURFACE('',#4097,0.05);
#66=CYLINDRICAL_SURFACE('',#4098,0.05);
#67=CYLINDRICAL_SURFACE('',#4099,0.05);
#68=CYLINDRICAL_SURFACE('',#4100,0.05);
#69=CYLINDRICAL_SURFACE('',#4101,1.5);
#70=CYLINDRICAL_SURFACE('',#4127,1.575);
#71=CYLINDRICAL_SURFACE('',#4131,0.15);
#72=CYLINDRICAL_SURFACE('',#4132,0.05);
#73=CYLINDRICAL_SURFACE('',#4138,0.0499999999990618);
#74=CYLINDRICAL_SURFACE('',#4139,0.149999999999062);
#75=CYLINDRICAL_SURFACE('',#4141,0.1);
#76=CYLINDRICAL_SURFACE('',#4145,0.1);
#77=CYLINDRICAL_SURFACE('',#4154,0.15);
#78=CYLINDRICAL_SURFACE('',#4155,0.05);
#79=CYLINDRICAL_SURFACE('',#4159,0.15);
#80=CYLINDRICAL_SURFACE('',#4160,0.05);
#81=CYLINDRICAL_SURFACE('',#4166,0.149999999999062);
#82=CYLINDRICAL_SURFACE('',#4167,0.0499999999990618);
#83=CYLINDRICAL_SURFACE('',#4169,0.1);
#84=CYLINDRICAL_SURFACE('',#4173,0.1);
#85=CYLINDRICAL_SURFACE('',#4182,0.15);
#86=CYLINDRICAL_SURFACE('',#4183,0.05);
#87=CIRCLE('',#3950,0.05);
#88=CIRCLE('',#3951,0.05);
#89=CIRCLE('',#3954,0.05);
#90=CIRCLE('',#3960,0.05);
#91=CIRCLE('',#3961,0.05);
#92=CIRCLE('',#3964,0.05);
#93=CIRCLE('',#3967,1.5);
#94=CIRCLE('',#3974,0.05);
#95=CIRCLE('',#3978,0.05);
#96=CIRCLE('',#3983,0.05);
#97=CIRCLE('',#3986,0.05);
#98=CIRCLE('',#4010,0.225000000000001);
#99=CIRCLE('',#4011,0.074999999999999);
#100=CIRCLE('',#4012,0.0749999999999994);
#101=CIRCLE('',#4013,0.225000000000002);
#102=CIRCLE('',#4015,0.074999999999999);
#103=CIRCLE('',#4016,0.224999999999999);
#104=CIRCLE('',#4017,0.225);
#105=CIRCLE('',#4018,0.0749999999999994);
#106=CIRCLE('',#4029,0.225000000000001);
#107=CIRCLE('',#4030,0.224999999999999);
#108=CIRCLE('',#4032,0.074999999999999);
#109=CIRCLE('',#4033,0.074999999999999);
#110=CIRCLE('',#4037,0.225);
#111=CIRCLE('',#4038,0.225000000000002);
#112=CIRCLE('',#4040,0.0749999999999994);
#113=CIRCLE('',#4041,0.0749999999999994);
#114=CIRCLE('',#4048,0.224999999999998);
#115=CIRCLE('',#4049,0.224999999999998);
#116=CIRCLE('',#4051,0.0749999999999981);
#117=CIRCLE('',#4052,0.0749999999999981);
#118=CIRCLE('',#4056,0.224999999999998);
#119=CIRCLE('',#4057,0.224999999999998);
#120=CIRCLE('',#4059,0.0749999999999984);
#121=CIRCLE('',#4060,0.0749999999999984);
#122=CIRCLE('',#4067,0.224999999999998);
#123=CIRCLE('',#4068,0.0749999999999981);
#124=CIRCLE('',#4069,0.0749999999999984);
#125=CIRCLE('',#4070,0.224999999999998);
#126=CIRCLE('',#4072,0.0749999999999981);
#127=CIRCLE('',#4073,0.224999999999998);
#128=CIRCLE('',#4074,0.224999999999998);
#129=CIRCLE('',#4075,0.0749999999999984);
#130=CIRCLE('',#4094,0.05);
#131=CIRCLE('',#4096,0.05);
#132=CIRCLE('',#4102,1.5);
#133=CIRCLE('',#4104,1.4);
#134=CIRCLE('',#4114,0.05);
#135=CIRCLE('',#4115,0.15);
#136=CIRCLE('',#4116,0.15);
#137=CIRCLE('',#4117,0.05);
#138=CIRCLE('',#4119,0.15);
#139=CIRCLE('',#4120,0.05);
#140=CIRCLE('',#4121,0.05);
#141=CIRCLE('',#4122,0.15);
#142=CIRCLE('',#4124,1.575);
#143=CIRCLE('',#4126,1.575);
#144=CIRCLE('',#4129,0.15);
#145=CIRCLE('',#4130,0.05);
#146=CIRCLE('',#4142,0.1);
#147=CIRCLE('',#4143,0.1);
#148=CIRCLE('',#4146,0.1);
#149=CIRCLE('',#4147,0.1);
#150=CIRCLE('',#4152,0.15);
#151=CIRCLE('',#4153,0.05);
#152=CIRCLE('',#4157,0.05);
#153=CIRCLE('',#4158,0.15);
#154=CIRCLE('',#4170,0.1);
#155=CIRCLE('',#4171,0.1);
#156=CIRCLE('',#4174,0.1);
#157=CIRCLE('',#4175,0.1);
#158=CIRCLE('',#4180,0.05);
#159=CIRCLE('',#4181,0.15);
#160=ORIENTED_EDGE('',*,*,#1050,.F.);
#161=ORIENTED_EDGE('',*,*,#1051,.T.);
#162=ORIENTED_EDGE('',*,*,#1052,.T.);
#163=ORIENTED_EDGE('',*,*,#1053,.T.);
#164=ORIENTED_EDGE('',*,*,#1054,.F.);
#165=ORIENTED_EDGE('',*,*,#1053,.F.);
#166=ORIENTED_EDGE('',*,*,#1055,.T.);
#167=ORIENTED_EDGE('',*,*,#1056,.T.);
#168=ORIENTED_EDGE('',*,*,#1057,.F.);
#169=ORIENTED_EDGE('',*,*,#1056,.F.);
#170=ORIENTED_EDGE('',*,*,#1058,.T.);
#171=ORIENTED_EDGE('',*,*,#1059,.T.);
#172=ORIENTED_EDGE('',*,*,#1060,.T.);
#173=ORIENTED_EDGE('',*,*,#1061,.F.);
#174=ORIENTED_EDGE('',*,*,#1062,.T.);
#175=ORIENTED_EDGE('',*,*,#1063,.F.);
#176=ORIENTED_EDGE('',*,*,#1064,.F.);
#177=ORIENTED_EDGE('',*,*,#1065,.F.);
#178=ORIENTED_EDGE('',*,*,#1066,.F.);
#179=ORIENTED_EDGE('',*,*,#1062,.F.);
#180=ORIENTED_EDGE('',*,*,#1067,.T.);
#181=ORIENTED_EDGE('',*,*,#1051,.F.);
#182=ORIENTED_EDGE('',*,*,#1068,.F.);
#183=ORIENTED_EDGE('',*,*,#1069,.T.);
#184=ORIENTED_EDGE('',*,*,#1070,.T.);
#185=ORIENTED_EDGE('',*,*,#1071,.F.);
#186=ORIENTED_EDGE('',*,*,#1072,.F.);
#187=ORIENTED_EDGE('',*,*,#1073,.F.);
#188=ORIENTED_EDGE('',*,*,#1068,.T.);
#189=ORIENTED_EDGE('',*,*,#1074,.T.);
#190=ORIENTED_EDGE('',*,*,#1075,.F.);
#191=ORIENTED_EDGE('',*,*,#1076,.T.);
#192=ORIENTED_EDGE('',*,*,#1072,.T.);
#193=ORIENTED_EDGE('',*,*,#1077,.F.);
#194=ORIENTED_EDGE('',*,*,#1078,.T.);
#195=ORIENTED_EDGE('',*,*,#1079,.F.);
#196=ORIENTED_EDGE('',*,*,#1080,.T.);
#197=ORIENTED_EDGE('',*,*,#1081,.F.);
#198=ORIENTED_EDGE('',*,*,#1082,.F.);
#199=ORIENTED_EDGE('',*,*,#1083,.F.);
#200=ORIENTED_EDGE('',*,*,#1084,.F.);
#201=ORIENTED_EDGE('',*,*,#1080,.F.);
#202=ORIENTED_EDGE('',*,*,#1085,.T.);
#203=ORIENTED_EDGE('',*,*,#1070,.F.);
#204=ORIENTED_EDGE('',*,*,#1086,.T.);
#205=ORIENTED_EDGE('',*,*,#1087,.T.);
#206=ORIENTED_EDGE('',*,*,#1088,.T.);
#207=ORIENTED_EDGE('',*,*,#1089,.T.);
#208=ORIENTED_EDGE('',*,*,#1090,.T.);
#209=ORIENTED_EDGE('',*,*,#1091,.T.);
#210=ORIENTED_EDGE('',*,*,#1092,.T.);
#211=ORIENTED_EDGE('',*,*,#1093,.T.);
#212=ORIENTED_EDGE('',*,*,#1094,.T.);
#213=ORIENTED_EDGE('',*,*,#1095,.F.);
#214=ORIENTED_EDGE('',*,*,#1059,.F.);
#215=ORIENTED_EDGE('',*,*,#1096,.T.);
#216=ORIENTED_EDGE('',*,*,#1097,.T.);
#217=ORIENTED_EDGE('',*,*,#1098,.F.);
#218=ORIENTED_EDGE('',*,*,#1099,.F.);
#219=ORIENTED_EDGE('',*,*,#1100,.T.);
#220=ORIENTED_EDGE('',*,*,#1101,.T.);
#221=ORIENTED_EDGE('',*,*,#1102,.F.);
#222=ORIENTED_EDGE('',*,*,#1103,.T.);
#223=ORIENTED_EDGE('',*,*,#1104,.F.);
#224=ORIENTED_EDGE('',*,*,#1105,.T.);
#225=ORIENTED_EDGE('',*,*,#1106,.T.);
#226=ORIENTED_EDGE('',*,*,#1107,.T.);
#227=ORIENTED_EDGE('',*,*,#1108,.F.);
#228=ORIENTED_EDGE('',*,*,#1109,.T.);
#229=ORIENTED_EDGE('',*,*,#1110,.T.);
#230=ORIENTED_EDGE('',*,*,#1111,.T.);
#231=ORIENTED_EDGE('',*,*,#1081,.T.);
#232=ORIENTED_EDGE('',*,*,#1084,.T.);
#233=ORIENTED_EDGE('',*,*,#1112,.T.);
#234=ORIENTED_EDGE('',*,*,#1113,.T.);
#235=ORIENTED_EDGE('',*,*,#1114,.F.);
#236=ORIENTED_EDGE('',*,*,#1115,.T.);
#237=ORIENTED_EDGE('',*,*,#1116,.T.);
#238=ORIENTED_EDGE('',*,*,#1117,.T.);
#239=ORIENTED_EDGE('',*,*,#1118,.T.);
#240=ORIENTED_EDGE('',*,*,#1119,.T.);
#241=ORIENTED_EDGE('',*,*,#1120,.T.);
#242=ORIENTED_EDGE('',*,*,#1121,.T.);
#243=ORIENTED_EDGE('',*,*,#1122,.F.);
#244=ORIENTED_EDGE('',*,*,#1123,.T.);
#245=ORIENTED_EDGE('',*,*,#1124,.T.);
#246=ORIENTED_EDGE('',*,*,#1125,.T.);
#247=ORIENTED_EDGE('',*,*,#1063,.T.);
#248=ORIENTED_EDGE('',*,*,#1066,.T.);
#249=ORIENTED_EDGE('',*,*,#1126,.T.);
#250=ORIENTED_EDGE('',*,*,#1127,.T.);
#251=ORIENTED_EDGE('',*,*,#1128,.F.);
#252=ORIENTED_EDGE('',*,*,#1129,.T.);
#253=ORIENTED_EDGE('',*,*,#1130,.T.);
#254=ORIENTED_EDGE('',*,*,#1131,.T.);
#255=ORIENTED_EDGE('',*,*,#1132,.T.);
#256=ORIENTED_EDGE('',*,*,#1133,.T.);
#257=ORIENTED_EDGE('',*,*,#1134,.F.);
#258=ORIENTED_EDGE('',*,*,#1135,.T.);
#259=ORIENTED_EDGE('',*,*,#1118,.F.);
#260=ORIENTED_EDGE('',*,*,#1136,.T.);
#261=ORIENTED_EDGE('',*,*,#1137,.F.);
#262=ORIENTED_EDGE('',*,*,#1138,.F.);
#263=ORIENTED_EDGE('',*,*,#1139,.T.);
#264=ORIENTED_EDGE('',*,*,#1110,.F.);
#265=ORIENTED_EDGE('',*,*,#1140,.T.);
#266=ORIENTED_EDGE('',*,*,#1137,.T.);
#267=ORIENTED_EDGE('',*,*,#1141,.T.);
#268=ORIENTED_EDGE('',*,*,#1138,.T.);
#269=ORIENTED_EDGE('',*,*,#1142,.T.);
#270=ORIENTED_EDGE('',*,*,#1143,.T.);
#271=ORIENTED_EDGE('',*,*,#1114,.T.);
#272=ORIENTED_EDGE('',*,*,#1144,.T.);
#273=ORIENTED_EDGE('',*,*,#1145,.T.);
#274=ORIENTED_EDGE('',*,*,#1146,.T.);
#275=ORIENTED_EDGE('',*,*,#1147,.F.);
#276=ORIENTED_EDGE('',*,*,#1148,.F.);
#277=ORIENTED_EDGE('',*,*,#1149,.T.);
#278=ORIENTED_EDGE('',*,*,#1150,.F.);
#279=ORIENTED_EDGE('',*,*,#1122,.T.);
#280=ORIENTED_EDGE('',*,*,#1151,.F.);
#281=ORIENTED_EDGE('',*,*,#1146,.F.);
#282=ORIENTED_EDGE('',*,*,#1152,.F.);
#283=ORIENTED_EDGE('',*,*,#1153,.F.);
#284=ORIENTED_EDGE('',*,*,#1149,.F.);
#285=ORIENTED_EDGE('',*,*,#1154,.F.);
#286=ORIENTED_EDGE('',*,*,#1155,.T.);
#287=ORIENTED_EDGE('',*,*,#1124,.F.);
#288=ORIENTED_EDGE('',*,*,#1156,.T.);
#289=ORIENTED_EDGE('',*,*,#1098,.T.);
#290=ORIENTED_EDGE('',*,*,#1157,.T.);
#291=ORIENTED_EDGE('',*,*,#1132,.F.);
#292=ORIENTED_EDGE('',*,*,#1158,.T.);
#293=ORIENTED_EDGE('',*,*,#1159,.F.);
#294=ORIENTED_EDGE('',*,*,#1159,.T.);
#295=ORIENTED_EDGE('',*,*,#1160,.T.);
#296=ORIENTED_EDGE('',*,*,#1154,.T.);
#297=ORIENTED_EDGE('',*,*,#1161,.T.);
#298=ORIENTED_EDGE('',*,*,#1099,.T.);
#299=ORIENTED_EDGE('',*,*,#1128,.T.);
#300=ORIENTED_EDGE('',*,*,#1162,.T.);
#301=ORIENTED_EDGE('',*,*,#1104,.T.);
#302=ORIENTED_EDGE('',*,*,#1163,.T.);
#303=ORIENTED_EDGE('',*,*,#1164,.F.);
#304=ORIENTED_EDGE('',*,*,#1165,.F.);
#305=ORIENTED_EDGE('',*,*,#1166,.T.);
#306=ORIENTED_EDGE('',*,*,#1167,.F.);
#307=ORIENTED_EDGE('',*,*,#1108,.T.);
#308=ORIENTED_EDGE('',*,*,#1168,.F.);
#309=ORIENTED_EDGE('',*,*,#1163,.F.);
#310=ORIENTED_EDGE('',*,*,#1103,.F.);
#311=ORIENTED_EDGE('',*,*,#1169,.F.);
#312=ORIENTED_EDGE('',*,*,#1166,.F.);
#313=ORIENTED_EDGE('',*,*,#1156,.F.);
#314=ORIENTED_EDGE('',*,*,#1123,.F.);
#315=ORIENTED_EDGE('',*,*,#1150,.T.);
#316=ORIENTED_EDGE('',*,*,#1153,.T.);
#317=ORIENTED_EDGE('',*,*,#1170,.T.);
#318=ORIENTED_EDGE('',*,*,#1171,.T.);
#319=ORIENTED_EDGE('',*,*,#1172,.F.);
#320=ORIENTED_EDGE('',*,*,#1173,.T.);
#321=ORIENTED_EDGE('',*,*,#1174,.T.);
#322=ORIENTED_EDGE('',*,*,#1175,.T.);
#323=ORIENTED_EDGE('',*,*,#1176,.F.);
#324=ORIENTED_EDGE('',*,*,#1177,.F.);
#325=ORIENTED_EDGE('',*,*,#1178,.T.);
#326=ORIENTED_EDGE('',*,*,#1179,.T.);
#327=ORIENTED_EDGE('',*,*,#1100,.F.);
#328=ORIENTED_EDGE('',*,*,#1161,.F.);
#329=ORIENTED_EDGE('',*,*,#1109,.F.);
#330=ORIENTED_EDGE('',*,*,#1167,.T.);
#331=ORIENTED_EDGE('',*,*,#1169,.T.);
#332=ORIENTED_EDGE('',*,*,#1102,.T.);
#333=ORIENTED_EDGE('',*,*,#1180,.T.);
#334=ORIENTED_EDGE('',*,*,#1181,.F.);
#335=ORIENTED_EDGE('',*,*,#1182,.T.);
#336=ORIENTED_EDGE('',*,*,#1183,.T.);
#337=ORIENTED_EDGE('',*,*,#1184,.T.);
#338=ORIENTED_EDGE('',*,*,#1185,.F.);
#339=ORIENTED_EDGE('',*,*,#1186,.F.);
#340=ORIENTED_EDGE('',*,*,#1187,.T.);
#341=ORIENTED_EDGE('',*,*,#1188,.T.);
#342=ORIENTED_EDGE('',*,*,#1189,.F.);
#343=ORIENTED_EDGE('',*,*,#1142,.F.);
#344=ORIENTED_EDGE('',*,*,#1140,.F.);
#345=ORIENTED_EDGE('',*,*,#1190,.F.);
#346=ORIENTED_EDGE('',*,*,#1075,.T.);
#347=ORIENTED_EDGE('',*,*,#1191,.T.);
#348=ORIENTED_EDGE('',*,*,#1192,.T.);
#349=ORIENTED_EDGE('',*,*,#1134,.T.);
#350=ORIENTED_EDGE('',*,*,#1143,.F.);
#351=ORIENTED_EDGE('',*,*,#1189,.T.);
#352=ORIENTED_EDGE('',*,*,#1193,.T.);
#353=ORIENTED_EDGE('',*,*,#1170,.F.);
#354=ORIENTED_EDGE('',*,*,#1152,.T.);
#355=ORIENTED_EDGE('',*,*,#1145,.F.);
#356=ORIENTED_EDGE('',*,*,#1194,.T.);
#357=ORIENTED_EDGE('',*,*,#1173,.F.);
#358=ORIENTED_EDGE('',*,*,#1195,.F.);
#359=ORIENTED_EDGE('',*,*,#1196,.F.);
#360=ORIENTED_EDGE('',*,*,#1197,.F.);
#361=ORIENTED_EDGE('',*,*,#1198,.F.);
#362=ORIENTED_EDGE('',*,*,#1199,.F.);
#363=ORIENTED_EDGE('',*,*,#1200,.F.);
#364=ORIENTED_EDGE('',*,*,#1201,.F.);
#365=ORIENTED_EDGE('',*,*,#1182,.F.);
#366=ORIENTED_EDGE('',*,*,#1202,.F.);
#367=ORIENTED_EDGE('',*,*,#1203,.F.);
#368=ORIENTED_EDGE('',*,*,#1204,.F.);
#369=ORIENTED_EDGE('',*,*,#1205,.F.);
#370=ORIENTED_EDGE('',*,*,#1206,.F.);
#371=ORIENTED_EDGE('',*,*,#1207,.F.);
#372=ORIENTED_EDGE('',*,*,#1208,.F.);
#373=ORIENTED_EDGE('',*,*,#1209,.F.);
#374=ORIENTED_EDGE('',*,*,#1210,.F.);
#375=ORIENTED_EDGE('',*,*,#1184,.F.);
#376=ORIENTED_EDGE('',*,*,#1211,.T.);
#377=ORIENTED_EDGE('',*,*,#1212,.T.);
#378=ORIENTED_EDGE('',*,*,#1213,.T.);
#379=ORIENTED_EDGE('',*,*,#1180,.F.);
#380=ORIENTED_EDGE('',*,*,#1101,.F.);
#381=ORIENTED_EDGE('',*,*,#1179,.F.);
#382=ORIENTED_EDGE('',*,*,#1214,.F.);
#383=ORIENTED_EDGE('',*,*,#1215,.F.);
#384=ORIENTED_EDGE('',*,*,#1216,.F.);
#385=ORIENTED_EDGE('',*,*,#1175,.F.);
#386=ORIENTED_EDGE('',*,*,#1217,.T.);
#387=ORIENTED_EDGE('',*,*,#1218,.T.);
#388=ORIENTED_EDGE('',*,*,#1219,.T.);
#389=ORIENTED_EDGE('',*,*,#1171,.F.);
#390=ORIENTED_EDGE('',*,*,#1193,.F.);
#391=ORIENTED_EDGE('',*,*,#1188,.F.);
#392=ORIENTED_EDGE('',*,*,#1220,.F.);
#393=ORIENTED_EDGE('',*,*,#1217,.F.);
#394=ORIENTED_EDGE('',*,*,#1174,.F.);
#395=ORIENTED_EDGE('',*,*,#1197,.T.);
#396=ORIENTED_EDGE('',*,*,#1221,.T.);
#397=ORIENTED_EDGE('',*,*,#1218,.F.);
#398=ORIENTED_EDGE('',*,*,#1221,.F.);
#399=ORIENTED_EDGE('',*,*,#1196,.T.);
#400=ORIENTED_EDGE('',*,*,#1222,.T.);
#401=ORIENTED_EDGE('',*,*,#1219,.F.);
#402=ORIENTED_EDGE('',*,*,#1222,.F.);
#403=ORIENTED_EDGE('',*,*,#1195,.T.);
#404=ORIENTED_EDGE('',*,*,#1172,.T.);
#405=ORIENTED_EDGE('',*,*,#1216,.T.);
#406=ORIENTED_EDGE('',*,*,#1223,.F.);
#407=ORIENTED_EDGE('',*,*,#1224,.F.);
#408=ORIENTED_EDGE('',*,*,#1176,.T.);
#409=ORIENTED_EDGE('',*,*,#1215,.T.);
#410=ORIENTED_EDGE('',*,*,#1225,.F.);
#411=ORIENTED_EDGE('',*,*,#1226,.F.);
#412=ORIENTED_EDGE('',*,*,#1223,.T.);
#413=ORIENTED_EDGE('',*,*,#1214,.T.);
#414=ORIENTED_EDGE('',*,*,#1178,.F.);
#415=ORIENTED_EDGE('',*,*,#1227,.F.);
#416=ORIENTED_EDGE('',*,*,#1225,.T.);
#417=ORIENTED_EDGE('',*,*,#1228,.F.);
#418=ORIENTED_EDGE('',*,*,#1229,.F.);
#419=ORIENTED_EDGE('',*,*,#1230,.F.);
#420=ORIENTED_EDGE('',*,*,#1231,.F.);
#421=ORIENTED_EDGE('',*,*,#1177,.T.);
#422=ORIENTED_EDGE('',*,*,#1224,.T.);
#423=ORIENTED_EDGE('',*,*,#1226,.T.);
#424=ORIENTED_EDGE('',*,*,#1227,.T.);
#425=ORIENTED_EDGE('',*,*,#1211,.F.);
#426=ORIENTED_EDGE('',*,*,#1183,.F.);
#427=ORIENTED_EDGE('',*,*,#1204,.T.);
#428=ORIENTED_EDGE('',*,*,#1232,.T.);
#429=ORIENTED_EDGE('',*,*,#1212,.F.);
#430=ORIENTED_EDGE('',*,*,#1232,.F.);
#431=ORIENTED_EDGE('',*,*,#1203,.T.);
#432=ORIENTED_EDGE('',*,*,#1233,.T.);
#433=ORIENTED_EDGE('',*,*,#1213,.F.);
#434=ORIENTED_EDGE('',*,*,#1233,.F.);
#435=ORIENTED_EDGE('',*,*,#1202,.T.);
#436=ORIENTED_EDGE('',*,*,#1181,.T.);
#437=ORIENTED_EDGE('',*,*,#1210,.T.);
#438=ORIENTED_EDGE('',*,*,#1234,.F.);
#439=ORIENTED_EDGE('',*,*,#1235,.F.);
#440=ORIENTED_EDGE('',*,*,#1185,.T.);
#441=ORIENTED_EDGE('',*,*,#1209,.T.);
#442=ORIENTED_EDGE('',*,*,#1236,.F.);
#443=ORIENTED_EDGE('',*,*,#1237,.F.);
#444=ORIENTED_EDGE('',*,*,#1234,.T.);
#445=ORIENTED_EDGE('',*,*,#1220,.T.);
#446=ORIENTED_EDGE('',*,*,#1187,.F.);
#447=ORIENTED_EDGE('',*,*,#1238,.F.);
#448=ORIENTED_EDGE('',*,*,#1236,.T.);
#449=ORIENTED_EDGE('',*,*,#1239,.F.);
#450=ORIENTED_EDGE('',*,*,#1240,.F.);
#451=ORIENTED_EDGE('',*,*,#1241,.F.);
#452=ORIENTED_EDGE('',*,*,#1242,.F.);
#453=ORIENTED_EDGE('',*,*,#1186,.T.);
#454=ORIENTED_EDGE('',*,*,#1235,.T.);
#455=ORIENTED_EDGE('',*,*,#1237,.T.);
#456=ORIENTED_EDGE('',*,*,#1238,.T.);
#457=ORIENTED_EDGE('',*,*,#1243,.T.);
#458=ORIENTED_EDGE('',*,*,#1206,.T.);
#459=ORIENTED_EDGE('',*,*,#1244,.F.);
#460=ORIENTED_EDGE('',*,*,#1245,.F.);
#461=ORIENTED_EDGE('',*,*,#1246,.F.);
#462=ORIENTED_EDGE('',*,*,#1247,.F.);
#463=ORIENTED_EDGE('',*,*,#1248,.F.);
#464=ORIENTED_EDGE('',*,*,#1249,.T.);
#465=ORIENTED_EDGE('',*,*,#1250,.T.);
#466=ORIENTED_EDGE('',*,*,#1251,.T.);
#467=ORIENTED_EDGE('',*,*,#1252,.T.);
#468=ORIENTED_EDGE('',*,*,#1208,.T.);
#469=ORIENTED_EDGE('',*,*,#1253,.F.);
#470=ORIENTED_EDGE('',*,*,#1254,.F.);
#471=ORIENTED_EDGE('',*,*,#1255,.F.);
#472=ORIENTED_EDGE('',*,*,#1256,.F.);
#473=ORIENTED_EDGE('',*,*,#1257,.F.);
#474=ORIENTED_EDGE('',*,*,#1258,.T.);
#475=ORIENTED_EDGE('',*,*,#1259,.T.);
#476=ORIENTED_EDGE('',*,*,#1260,.T.);
#477=ORIENTED_EDGE('',*,*,#1244,.T.);
#478=ORIENTED_EDGE('',*,*,#1205,.T.);
#479=ORIENTED_EDGE('',*,*,#1252,.F.);
#480=ORIENTED_EDGE('',*,*,#1261,.F.);
#481=ORIENTED_EDGE('',*,*,#1253,.T.);
#482=ORIENTED_EDGE('',*,*,#1207,.T.);
#483=ORIENTED_EDGE('',*,*,#1243,.F.);
#484=ORIENTED_EDGE('',*,*,#1262,.F.);
#485=ORIENTED_EDGE('',*,*,#1262,.T.);
#486=ORIENTED_EDGE('',*,*,#1251,.F.);
#487=ORIENTED_EDGE('',*,*,#1263,.F.);
#488=ORIENTED_EDGE('',*,*,#1254,.T.);
#489=ORIENTED_EDGE('',*,*,#1260,.F.);
#490=ORIENTED_EDGE('',*,*,#1264,.F.);
#491=ORIENTED_EDGE('',*,*,#1245,.T.);
#492=ORIENTED_EDGE('',*,*,#1261,.T.);
#493=ORIENTED_EDGE('',*,*,#1263,.T.);
#494=ORIENTED_EDGE('',*,*,#1250,.F.);
#495=ORIENTED_EDGE('',*,*,#1265,.F.);
#496=ORIENTED_EDGE('',*,*,#1255,.T.);
#497=ORIENTED_EDGE('',*,*,#1259,.F.);
#498=ORIENTED_EDGE('',*,*,#1266,.F.);
#499=ORIENTED_EDGE('',*,*,#1246,.T.);
#500=ORIENTED_EDGE('',*,*,#1264,.T.);
#501=ORIENTED_EDGE('',*,*,#1265,.T.);
#502=ORIENTED_EDGE('',*,*,#1249,.F.);
#503=ORIENTED_EDGE('',*,*,#1267,.F.);
#504=ORIENTED_EDGE('',*,*,#1256,.T.);
#505=ORIENTED_EDGE('',*,*,#1258,.F.);
#506=ORIENTED_EDGE('',*,*,#1268,.F.);
#507=ORIENTED_EDGE('',*,*,#1247,.T.);
#508=ORIENTED_EDGE('',*,*,#1266,.T.);
#509=ORIENTED_EDGE('',*,*,#1267,.T.);
#510=ORIENTED_EDGE('',*,*,#1248,.T.);
#511=ORIENTED_EDGE('',*,*,#1268,.T.);
#512=ORIENTED_EDGE('',*,*,#1257,.T.);
#513=ORIENTED_EDGE('',*,*,#1269,.T.);
#514=ORIENTED_EDGE('',*,*,#1241,.T.);
#515=ORIENTED_EDGE('',*,*,#1270,.F.);
#516=ORIENTED_EDGE('',*,*,#1271,.T.);
#517=ORIENTED_EDGE('',*,*,#1272,.T.);
#518=ORIENTED_EDGE('',*,*,#1239,.T.);
#519=ORIENTED_EDGE('',*,*,#1273,.F.);
#520=ORIENTED_EDGE('',*,*,#1274,.T.);
#521=ORIENTED_EDGE('',*,*,#1271,.F.);
#522=ORIENTED_EDGE('',*,*,#1275,.F.);
#523=ORIENTED_EDGE('',*,*,#1276,.T.);
#524=ORIENTED_EDGE('',*,*,#1277,.T.);
#525=ORIENTED_EDGE('',*,*,#1278,.T.);
#526=ORIENTED_EDGE('',*,*,#1274,.F.);
#527=ORIENTED_EDGE('',*,*,#1279,.F.);
#528=ORIENTED_EDGE('',*,*,#1280,.T.);
#529=ORIENTED_EDGE('',*,*,#1276,.F.);
#530=ORIENTED_EDGE('',*,*,#1281,.F.);
#531=ORIENTED_EDGE('',*,*,#1282,.T.);
#532=ORIENTED_EDGE('',*,*,#1283,.T.);
#533=ORIENTED_EDGE('',*,*,#1284,.T.);
#534=ORIENTED_EDGE('',*,*,#1280,.F.);
#535=ORIENTED_EDGE('',*,*,#1285,.F.);
#536=ORIENTED_EDGE('',*,*,#1286,.T.);
#537=ORIENTED_EDGE('',*,*,#1282,.F.);
#538=ORIENTED_EDGE('',*,*,#1287,.F.);
#539=ORIENTED_EDGE('',*,*,#1288,.T.);
#540=ORIENTED_EDGE('',*,*,#1289,.T.);
#541=ORIENTED_EDGE('',*,*,#1270,.T.);
#542=ORIENTED_EDGE('',*,*,#1240,.T.);
#543=ORIENTED_EDGE('',*,*,#1272,.F.);
#544=ORIENTED_EDGE('',*,*,#1278,.F.);
#545=ORIENTED_EDGE('',*,*,#1284,.F.);
#546=ORIENTED_EDGE('',*,*,#1290,.F.);
#547=ORIENTED_EDGE('',*,*,#1291,.T.);
#548=ORIENTED_EDGE('',*,*,#1287,.T.);
#549=ORIENTED_EDGE('',*,*,#1281,.T.);
#550=ORIENTED_EDGE('',*,*,#1275,.T.);
#551=ORIENTED_EDGE('',*,*,#1290,.T.);
#552=ORIENTED_EDGE('',*,*,#1286,.F.);
#553=ORIENTED_EDGE('',*,*,#1292,.F.);
#554=ORIENTED_EDGE('',*,*,#1293,.T.);
#555=ORIENTED_EDGE('',*,*,#1273,.T.);
#556=ORIENTED_EDGE('',*,*,#1242,.T.);
#557=ORIENTED_EDGE('',*,*,#1269,.F.);
#558=ORIENTED_EDGE('',*,*,#1277,.F.);
#559=ORIENTED_EDGE('',*,*,#1283,.F.);
#560=ORIENTED_EDGE('',*,*,#1289,.F.);
#561=ORIENTED_EDGE('',*,*,#1294,.T.);
#562=ORIENTED_EDGE('',*,*,#1292,.T.);
#563=ORIENTED_EDGE('',*,*,#1285,.T.);
#564=ORIENTED_EDGE('',*,*,#1279,.T.);
#565=ORIENTED_EDGE('',*,*,#1288,.F.);
#566=ORIENTED_EDGE('',*,*,#1291,.F.);
#567=ORIENTED_EDGE('',*,*,#1293,.F.);
#568=ORIENTED_EDGE('',*,*,#1294,.F.);
#569=ORIENTED_EDGE('',*,*,#1295,.T.);
#570=ORIENTED_EDGE('',*,*,#1230,.T.);
#571=ORIENTED_EDGE('',*,*,#1296,.F.);
#572=ORIENTED_EDGE('',*,*,#1297,.T.);
#573=ORIENTED_EDGE('',*,*,#1298,.T.);
#574=ORIENTED_EDGE('',*,*,#1228,.T.);
#575=ORIENTED_EDGE('',*,*,#1299,.F.);
#576=ORIENTED_EDGE('',*,*,#1300,.T.);
#577=ORIENTED_EDGE('',*,*,#1297,.F.);
#578=ORIENTED_EDGE('',*,*,#1301,.F.);
#579=ORIENTED_EDGE('',*,*,#1302,.T.);
#580=ORIENTED_EDGE('',*,*,#1303,.T.);
#581=ORIENTED_EDGE('',*,*,#1304,.T.);
#582=ORIENTED_EDGE('',*,*,#1300,.F.);
#583=ORIENTED_EDGE('',*,*,#1305,.F.);
#584=ORIENTED_EDGE('',*,*,#1306,.T.);
#585=ORIENTED_EDGE('',*,*,#1302,.F.);
#586=ORIENTED_EDGE('',*,*,#1307,.F.);
#587=ORIENTED_EDGE('',*,*,#1308,.T.);
#588=ORIENTED_EDGE('',*,*,#1309,.T.);
#589=ORIENTED_EDGE('',*,*,#1310,.T.);
#590=ORIENTED_EDGE('',*,*,#1306,.F.);
#591=ORIENTED_EDGE('',*,*,#1311,.F.);
#592=ORIENTED_EDGE('',*,*,#1312,.T.);
#593=ORIENTED_EDGE('',*,*,#1308,.F.);
#594=ORIENTED_EDGE('',*,*,#1313,.F.);
#595=ORIENTED_EDGE('',*,*,#1314,.T.);
#596=ORIENTED_EDGE('',*,*,#1315,.T.);
#597=ORIENTED_EDGE('',*,*,#1296,.T.);
#598=ORIENTED_EDGE('',*,*,#1229,.T.);
#599=ORIENTED_EDGE('',*,*,#1298,.F.);
#600=ORIENTED_EDGE('',*,*,#1304,.F.);
#601=ORIENTED_EDGE('',*,*,#1310,.F.);
#602=ORIENTED_EDGE('',*,*,#1316,.F.);
#603=ORIENTED_EDGE('',*,*,#1317,.T.);
#604=ORIENTED_EDGE('',*,*,#1313,.T.);
#605=ORIENTED_EDGE('',*,*,#1307,.T.);
#606=ORIENTED_EDGE('',*,*,#1301,.T.);
#607=ORIENTED_EDGE('',*,*,#1316,.T.);
#608=ORIENTED_EDGE('',*,*,#1312,.F.);
#609=ORIENTED_EDGE('',*,*,#1318,.F.);
#610=ORIENTED_EDGE('',*,*,#1319,.T.);
#611=ORIENTED_EDGE('',*,*,#1299,.T.);
#612=ORIENTED_EDGE('',*,*,#1231,.T.);
#613=ORIENTED_EDGE('',*,*,#1295,.F.);
#614=ORIENTED_EDGE('',*,*,#1303,.F.);
#615=ORIENTED_EDGE('',*,*,#1309,.F.);
#616=ORIENTED_EDGE('',*,*,#1315,.F.);
#617=ORIENTED_EDGE('',*,*,#1320,.T.);
#618=ORIENTED_EDGE('',*,*,#1318,.T.);
#619=ORIENTED_EDGE('',*,*,#1311,.T.);
#620=ORIENTED_EDGE('',*,*,#1305,.T.);
#621=ORIENTED_EDGE('',*,*,#1314,.F.);
#622=ORIENTED_EDGE('',*,*,#1317,.F.);
#623=ORIENTED_EDGE('',*,*,#1319,.F.);
#624=ORIENTED_EDGE('',*,*,#1320,.F.);
#625=ORIENTED_EDGE('',*,*,#1321,.T.);
#626=ORIENTED_EDGE('',*,*,#1199,.T.);
#627=ORIENTED_EDGE('',*,*,#1322,.F.);
#628=ORIENTED_EDGE('',*,*,#1323,.F.);
#629=ORIENTED_EDGE('',*,*,#1324,.F.);
#630=ORIENTED_EDGE('',*,*,#1325,.F.);
#631=ORIENTED_EDGE('',*,*,#1326,.F.);
#632=ORIENTED_EDGE('',*,*,#1327,.T.);
#633=ORIENTED_EDGE('',*,*,#1328,.T.);
#634=ORIENTED_EDGE('',*,*,#1329,.T.);
#635=ORIENTED_EDGE('',*,*,#1330,.T.);
#636=ORIENTED_EDGE('',*,*,#1201,.T.);
#637=ORIENTED_EDGE('',*,*,#1331,.F.);
#638=ORIENTED_EDGE('',*,*,#1332,.F.);
#639=ORIENTED_EDGE('',*,*,#1333,.F.);
#640=ORIENTED_EDGE('',*,*,#1334,.F.);
#641=ORIENTED_EDGE('',*,*,#1335,.F.);
#642=ORIENTED_EDGE('',*,*,#1336,.T.);
#643=ORIENTED_EDGE('',*,*,#1337,.T.);
#644=ORIENTED_EDGE('',*,*,#1338,.T.);
#645=ORIENTED_EDGE('',*,*,#1322,.T.);
#646=ORIENTED_EDGE('',*,*,#1198,.T.);
#647=ORIENTED_EDGE('',*,*,#1330,.F.);
#648=ORIENTED_EDGE('',*,*,#1339,.F.);
#649=ORIENTED_EDGE('',*,*,#1331,.T.);
#650=ORIENTED_EDGE('',*,*,#1200,.T.);
#651=ORIENTED_EDGE('',*,*,#1321,.F.);
#652=ORIENTED_EDGE('',*,*,#1340,.F.);
#653=ORIENTED_EDGE('',*,*,#1340,.T.);
#654=ORIENTED_EDGE('',*,*,#1329,.F.);
#655=ORIENTED_EDGE('',*,*,#1341,.F.);
#656=ORIENTED_EDGE('',*,*,#1332,.T.);
#657=ORIENTED_EDGE('',*,*,#1338,.F.);
#658=ORIENTED_EDGE('',*,*,#1342,.F.);
#659=ORIENTED_EDGE('',*,*,#1323,.T.);
#660=ORIENTED_EDGE('',*,*,#1339,.T.);
#661=ORIENTED_EDGE('',*,*,#1341,.T.);
#662=ORIENTED_EDGE('',*,*,#1328,.F.);
#663=ORIENTED_EDGE('',*,*,#1343,.F.);
#664=ORIENTED_EDGE('',*,*,#1333,.T.);
#665=ORIENTED_EDGE('',*,*,#1337,.F.);
#666=ORIENTED_EDGE('',*,*,#1344,.F.);
#667=ORIENTED_EDGE('',*,*,#1324,.T.);
#668=ORIENTED_EDGE('',*,*,#1342,.T.);
#669=ORIENTED_EDGE('',*,*,#1343,.T.);
#670=ORIENTED_EDGE('',*,*,#1327,.F.);
#671=ORIENTED_EDGE('',*,*,#1345,.F.);
#672=ORIENTED_EDGE('',*,*,#1334,.T.);
#673=ORIENTED_EDGE('',*,*,#1336,.F.);
#674=ORIENTED_EDGE('',*,*,#1346,.F.);
#675=ORIENTED_EDGE('',*,*,#1325,.T.);
#676=ORIENTED_EDGE('',*,*,#1344,.T.);
#677=ORIENTED_EDGE('',*,*,#1345,.T.);
#678=ORIENTED_EDGE('',*,*,#1326,.T.);
#679=ORIENTED_EDGE('',*,*,#1346,.T.);
#680=ORIENTED_EDGE('',*,*,#1335,.T.);
#681=ORIENTED_EDGE('',*,*,#1347,.T.);
#682=ORIENTED_EDGE('',*,*,#1087,.F.);
#683=ORIENTED_EDGE('',*,*,#1348,.F.);
#684=ORIENTED_EDGE('',*,*,#1106,.F.);
#685=ORIENTED_EDGE('',*,*,#1349,.T.);
#686=ORIENTED_EDGE('',*,*,#1089,.F.);
#687=ORIENTED_EDGE('',*,*,#1350,.F.);
#688=ORIENTED_EDGE('',*,*,#1116,.F.);
#689=ORIENTED_EDGE('',*,*,#1351,.T.);
#690=ORIENTED_EDGE('',*,*,#1091,.F.);
#691=ORIENTED_EDGE('',*,*,#1352,.F.);
#692=ORIENTED_EDGE('',*,*,#1120,.F.);
#693=ORIENTED_EDGE('',*,*,#1353,.T.);
#694=ORIENTED_EDGE('',*,*,#1093,.F.);
#695=ORIENTED_EDGE('',*,*,#1354,.F.);
#696=ORIENTED_EDGE('',*,*,#1130,.F.);
#697=ORIENTED_EDGE('',*,*,#1350,.T.);
#698=ORIENTED_EDGE('',*,*,#1088,.F.);
#699=ORIENTED_EDGE('',*,*,#1347,.F.);
#700=ORIENTED_EDGE('',*,*,#1111,.F.);
#701=ORIENTED_EDGE('',*,*,#1139,.F.);
#702=ORIENTED_EDGE('',*,*,#1141,.F.);
#703=ORIENTED_EDGE('',*,*,#1136,.F.);
#704=ORIENTED_EDGE('',*,*,#1117,.F.);
#705=ORIENTED_EDGE('',*,*,#1352,.T.);
#706=ORIENTED_EDGE('',*,*,#1090,.F.);
#707=ORIENTED_EDGE('',*,*,#1349,.F.);
#708=ORIENTED_EDGE('',*,*,#1115,.F.);
#709=ORIENTED_EDGE('',*,*,#1147,.T.);
#710=ORIENTED_EDGE('',*,*,#1151,.T.);
#711=ORIENTED_EDGE('',*,*,#1148,.T.);
#712=ORIENTED_EDGE('',*,*,#1121,.F.);
#713=ORIENTED_EDGE('',*,*,#1354,.T.);
#714=ORIENTED_EDGE('',*,*,#1092,.F.);
#715=ORIENTED_EDGE('',*,*,#1351,.F.);
#716=ORIENTED_EDGE('',*,*,#1125,.F.);
#717=ORIENTED_EDGE('',*,*,#1155,.F.);
#718=ORIENTED_EDGE('',*,*,#1160,.F.);
#719=ORIENTED_EDGE('',*,*,#1158,.F.);
#720=ORIENTED_EDGE('',*,*,#1131,.F.);
#721=ORIENTED_EDGE('',*,*,#1348,.T.);
#722=ORIENTED_EDGE('',*,*,#1086,.F.);
#723=ORIENTED_EDGE('',*,*,#1353,.F.);
#724=ORIENTED_EDGE('',*,*,#1129,.F.);
#725=ORIENTED_EDGE('',*,*,#1164,.T.);
#726=ORIENTED_EDGE('',*,*,#1168,.T.);
#727=ORIENTED_EDGE('',*,*,#1165,.T.);
#728=ORIENTED_EDGE('',*,*,#1107,.F.);
#729=ORIENTED_EDGE('',*,*,#1065,.T.);
#730=ORIENTED_EDGE('',*,*,#1355,.T.);
#731=ORIENTED_EDGE('',*,*,#1356,.T.);
#732=ORIENTED_EDGE('',*,*,#1126,.F.);
#733=ORIENTED_EDGE('',*,*,#1083,.T.);
#734=ORIENTED_EDGE('',*,*,#1357,.T.);
#735=ORIENTED_EDGE('',*,*,#1358,.T.);
#736=ORIENTED_EDGE('',*,*,#1112,.F.);
#737=ORIENTED_EDGE('',*,*,#1135,.F.);
#738=ORIENTED_EDGE('',*,*,#1192,.F.);
#739=ORIENTED_EDGE('',*,*,#1078,.F.);
#740=ORIENTED_EDGE('',*,*,#1119,.F.);
#741=ORIENTED_EDGE('',*,*,#1157,.F.);
#742=ORIENTED_EDGE('',*,*,#1097,.F.);
#743=ORIENTED_EDGE('',*,*,#1060,.F.);
#744=ORIENTED_EDGE('',*,*,#1133,.F.);
#745=ORIENTED_EDGE('',*,*,#1356,.F.);
#746=ORIENTED_EDGE('',*,*,#1105,.F.);
#747=ORIENTED_EDGE('',*,*,#1162,.F.);
#748=ORIENTED_EDGE('',*,*,#1127,.F.);
#749=ORIENTED_EDGE('',*,*,#1358,.F.);
#750=ORIENTED_EDGE('',*,*,#1194,.F.);
#751=ORIENTED_EDGE('',*,*,#1144,.F.);
#752=ORIENTED_EDGE('',*,*,#1113,.F.);
#753=ORIENTED_EDGE('',*,*,#1359,.T.);
#754=ORIENTED_EDGE('',*,*,#1094,.F.);
#755=ORIENTED_EDGE('',*,*,#1360,.T.);
#756=ORIENTED_EDGE('',*,*,#1360,.F.);
#757=ORIENTED_EDGE('',*,*,#1359,.F.);
#758=ORIENTED_EDGE('',*,*,#1077,.T.);
#759=ORIENTED_EDGE('',*,*,#1074,.F.);
#760=ORIENTED_EDGE('',*,*,#1071,.T.);
#761=ORIENTED_EDGE('',*,*,#1085,.F.);
#762=ORIENTED_EDGE('',*,*,#1079,.T.);
#763=ORIENTED_EDGE('',*,*,#1191,.F.);
#764=ORIENTED_EDGE('',*,*,#1190,.T.);
#765=ORIENTED_EDGE('',*,*,#1357,.F.);
#766=ORIENTED_EDGE('',*,*,#1082,.T.);
#767=ORIENTED_EDGE('',*,*,#1069,.F.);
#768=ORIENTED_EDGE('',*,*,#1073,.T.);
#769=ORIENTED_EDGE('',*,*,#1076,.F.);
#770=ORIENTED_EDGE('',*,*,#1055,.F.);
#771=ORIENTED_EDGE('',*,*,#1052,.F.);
#772=ORIENTED_EDGE('',*,*,#1067,.F.);
#773=ORIENTED_EDGE('',*,*,#1061,.T.);
#774=ORIENTED_EDGE('',*,*,#1096,.F.);
#775=ORIENTED_EDGE('',*,*,#1058,.F.);
#776=ORIENTED_EDGE('',*,*,#1057,.T.);
#777=ORIENTED_EDGE('',*,*,#1095,.T.);
#778=ORIENTED_EDGE('',*,*,#1355,.F.);
#779=ORIENTED_EDGE('',*,*,#1064,.T.);
#780=ORIENTED_EDGE('',*,*,#1050,.T.);
#781=ORIENTED_EDGE('',*,*,#1054,.T.);
#782=ORIENTED_EDGE('',*,*,#1361,.F.);
#783=ORIENTED_EDGE('',*,*,#1362,.F.);
#784=ORIENTED_EDGE('',*,*,#1363,.T.);
#785=ORIENTED_EDGE('',*,*,#1364,.T.);
#786=ORIENTED_EDGE('',*,*,#1365,.T.);
#787=ORIENTED_EDGE('',*,*,#1366,.T.);
#788=ORIENTED_EDGE('',*,*,#1367,.F.);
#789=ORIENTED_EDGE('',*,*,#1368,.F.);
#790=ORIENTED_EDGE('',*,*,#1369,.T.);
#791=ORIENTED_EDGE('',*,*,#1370,.F.);
#792=ORIENTED_EDGE('',*,*,#1371,.T.);
#793=ORIENTED_EDGE('',*,*,#1372,.F.);
#794=ORIENTED_EDGE('',*,*,#1373,.F.);
#795=ORIENTED_EDGE('',*,*,#1374,.T.);
#796=ORIENTED_EDGE('',*,*,#1375,.F.);
#797=ORIENTED_EDGE('',*,*,#1376,.T.);
#798=ORIENTED_EDGE('',*,*,#1377,.F.);
#799=ORIENTED_EDGE('',*,*,#1378,.T.);
#800=ORIENTED_EDGE('',*,*,#1379,.T.);
#801=ORIENTED_EDGE('',*,*,#1380,.F.);
#802=ORIENTED_EDGE('',*,*,#1381,.T.);
#803=ORIENTED_EDGE('',*,*,#1382,.F.);
#804=ORIENTED_EDGE('',*,*,#1383,.T.);
#805=ORIENTED_EDGE('',*,*,#1384,.T.);
#806=ORIENTED_EDGE('',*,*,#1385,.F.);
#807=ORIENTED_EDGE('',*,*,#1386,.T.);
#808=ORIENTED_EDGE('',*,*,#1387,.F.);
#809=ORIENTED_EDGE('',*,*,#1388,.T.);
#810=ORIENTED_EDGE('',*,*,#1389,.F.);
#811=ORIENTED_EDGE('',*,*,#1390,.F.);
#812=ORIENTED_EDGE('',*,*,#1391,.T.);
#813=ORIENTED_EDGE('',*,*,#1392,.F.);
#814=ORIENTED_EDGE('',*,*,#1393,.F.);
#815=ORIENTED_EDGE('',*,*,#1369,.F.);
#816=ORIENTED_EDGE('',*,*,#1394,.F.);
#817=ORIENTED_EDGE('',*,*,#1365,.F.);
#818=ORIENTED_EDGE('',*,*,#1395,.F.);
#819=ORIENTED_EDGE('',*,*,#1387,.T.);
#820=ORIENTED_EDGE('',*,*,#1396,.T.);
#821=ORIENTED_EDGE('',*,*,#1362,.T.);
#822=ORIENTED_EDGE('',*,*,#1397,.F.);
#823=ORIENTED_EDGE('',*,*,#1398,.T.);
#824=ORIENTED_EDGE('',*,*,#1375,.T.);
#825=ORIENTED_EDGE('',*,*,#1399,.T.);
#826=ORIENTED_EDGE('',*,*,#1364,.F.);
#827=ORIENTED_EDGE('',*,*,#1400,.F.);
#828=ORIENTED_EDGE('',*,*,#1381,.F.);
#829=ORIENTED_EDGE('',*,*,#1401,.T.);
#830=ORIENTED_EDGE('',*,*,#1367,.T.);
#831=ORIENTED_EDGE('',*,*,#1402,.T.);
#832=ORIENTED_EDGE('',*,*,#1398,.F.);
#833=ORIENTED_EDGE('',*,*,#1393,.T.);
#834=ORIENTED_EDGE('',*,*,#1403,.F.);
#835=ORIENTED_EDGE('',*,*,#1404,.T.);
#836=ORIENTED_EDGE('',*,*,#1405,.F.);
#837=ORIENTED_EDGE('',*,*,#1406,.T.);
#838=ORIENTED_EDGE('',*,*,#1407,.T.);
#839=ORIENTED_EDGE('',*,*,#1368,.T.);
#840=ORIENTED_EDGE('',*,*,#1401,.F.);
#841=ORIENTED_EDGE('',*,*,#1392,.T.);
#842=ORIENTED_EDGE('',*,*,#1408,.T.);
#843=ORIENTED_EDGE('',*,*,#1403,.T.);
#844=ORIENTED_EDGE('',*,*,#1395,.T.);
#845=ORIENTED_EDGE('',*,*,#1407,.F.);
#846=ORIENTED_EDGE('',*,*,#1409,.F.);
#847=ORIENTED_EDGE('',*,*,#1388,.F.);
#848=ORIENTED_EDGE('',*,*,#1410,.T.);
#849=ORIENTED_EDGE('',*,*,#1411,.T.);
#850=ORIENTED_EDGE('',*,*,#1412,.F.);
#851=ORIENTED_EDGE('',*,*,#1413,.F.);
#852=ORIENTED_EDGE('',*,*,#1414,.F.);
#853=ORIENTED_EDGE('',*,*,#1415,.F.);
#854=ORIENTED_EDGE('',*,*,#1416,.T.);
#855=ORIENTED_EDGE('',*,*,#1412,.T.);
#856=ORIENTED_EDGE('',*,*,#1417,.T.);
#857=ORIENTED_EDGE('',*,*,#1418,.T.);
#858=ORIENTED_EDGE('',*,*,#1410,.F.);
#859=ORIENTED_EDGE('',*,*,#1419,.F.);
#860=ORIENTED_EDGE('',*,*,#1420,.F.);
#861=ORIENTED_EDGE('',*,*,#1419,.T.);
#862=ORIENTED_EDGE('',*,*,#1413,.T.);
#863=ORIENTED_EDGE('',*,*,#1416,.F.);
#864=ORIENTED_EDGE('',*,*,#1418,.F.);
#865=ORIENTED_EDGE('',*,*,#1421,.T.);
#866=ORIENTED_EDGE('',*,*,#1414,.T.);
#867=ORIENTED_EDGE('',*,*,#1411,.F.);
#868=ORIENTED_EDGE('',*,*,#1422,.F.);
#869=ORIENTED_EDGE('',*,*,#1423,.T.);
#870=ORIENTED_EDGE('',*,*,#1415,.T.);
#871=ORIENTED_EDGE('',*,*,#1424,.F.);
#872=ORIENTED_EDGE('',*,*,#1425,.F.);
#873=ORIENTED_EDGE('',*,*,#1426,.T.);
#874=ORIENTED_EDGE('',*,*,#1427,.T.);
#875=ORIENTED_EDGE('',*,*,#1417,.F.);
#876=ORIENTED_EDGE('',*,*,#1420,.T.);
#877=ORIENTED_EDGE('',*,*,#1423,.F.);
#878=ORIENTED_EDGE('',*,*,#1428,.F.);
#879=ORIENTED_EDGE('',*,*,#1425,.T.);
#880=ORIENTED_EDGE('',*,*,#1421,.F.);
#881=ORIENTED_EDGE('',*,*,#1427,.F.);
#882=ORIENTED_EDGE('',*,*,#1429,.T.);
#883=ORIENTED_EDGE('',*,*,#1424,.T.);
#884=ORIENTED_EDGE('',*,*,#1422,.T.);
#885=ORIENTED_EDGE('',*,*,#1430,.F.);
#886=ORIENTED_EDGE('',*,*,#1378,.F.);
#887=ORIENTED_EDGE('',*,*,#1431,.T.);
#888=ORIENTED_EDGE('',*,*,#1432,.T.);
#889=ORIENTED_EDGE('',*,*,#1433,.T.);
#890=ORIENTED_EDGE('',*,*,#1434,.T.);
#891=ORIENTED_EDGE('',*,*,#1435,.F.);
#892=ORIENTED_EDGE('',*,*,#1436,.T.);
#893=ORIENTED_EDGE('',*,*,#1437,.T.);
#894=ORIENTED_EDGE('',*,*,#1438,.T.);
#895=ORIENTED_EDGE('',*,*,#1433,.F.);
#896=ORIENTED_EDGE('',*,*,#1439,.T.);
#897=ORIENTED_EDGE('',*,*,#1405,.T.);
#898=ORIENTED_EDGE('',*,*,#1440,.T.);
#899=ORIENTED_EDGE('',*,*,#1437,.F.);
#900=ORIENTED_EDGE('',*,*,#1441,.T.);
#901=ORIENTED_EDGE('',*,*,#1426,.F.);
#902=ORIENTED_EDGE('',*,*,#1442,.F.);
#903=ORIENTED_EDGE('',*,*,#1390,.T.);
#904=ORIENTED_EDGE('',*,*,#1441,.F.);
#905=ORIENTED_EDGE('',*,*,#1389,.T.);
#906=ORIENTED_EDGE('',*,*,#1409,.T.);
#907=ORIENTED_EDGE('',*,*,#1406,.F.);
#908=ORIENTED_EDGE('',*,*,#1439,.F.);
#909=ORIENTED_EDGE('',*,*,#1436,.F.);
#910=ORIENTED_EDGE('',*,*,#1432,.F.);
#911=ORIENTED_EDGE('',*,*,#1443,.F.);
#912=ORIENTED_EDGE('',*,*,#1444,.T.);
#913=ORIENTED_EDGE('',*,*,#1379,.F.);
#914=ORIENTED_EDGE('',*,*,#1430,.T.);
#915=ORIENTED_EDGE('',*,*,#1429,.F.);
#916=ORIENTED_EDGE('',*,*,#1391,.F.);
#917=ORIENTED_EDGE('',*,*,#1442,.T.);
#918=ORIENTED_EDGE('',*,*,#1428,.T.);
#919=ORIENTED_EDGE('',*,*,#1431,.F.);
#920=ORIENTED_EDGE('',*,*,#1377,.T.);
#921=ORIENTED_EDGE('',*,*,#1445,.F.);
#922=ORIENTED_EDGE('',*,*,#1446,.F.);
#923=ORIENTED_EDGE('',*,*,#1434,.F.);
#924=ORIENTED_EDGE('',*,*,#1438,.F.);
#925=ORIENTED_EDGE('',*,*,#1440,.F.);
#926=ORIENTED_EDGE('',*,*,#1404,.F.);
#927=ORIENTED_EDGE('',*,*,#1408,.F.);
#928=ORIENTED_EDGE('',*,*,#1446,.T.);
#929=ORIENTED_EDGE('',*,*,#1447,.T.);
#930=ORIENTED_EDGE('',*,*,#1366,.F.);
#931=ORIENTED_EDGE('',*,*,#1448,.F.);
#932=ORIENTED_EDGE('',*,*,#1443,.T.);
#933=ORIENTED_EDGE('',*,*,#1435,.T.);
#934=ORIENTED_EDGE('',*,*,#1445,.T.);
#935=ORIENTED_EDGE('',*,*,#1376,.F.);
#936=ORIENTED_EDGE('',*,*,#1402,.F.);
#937=ORIENTED_EDGE('',*,*,#1447,.F.);
#938=ORIENTED_EDGE('',*,*,#1444,.F.);
#939=ORIENTED_EDGE('',*,*,#1448,.T.);
#940=ORIENTED_EDGE('',*,*,#1394,.T.);
#941=ORIENTED_EDGE('',*,*,#1380,.T.);
#942=ORIENTED_EDGE('',*,*,#1363,.F.);
#943=ORIENTED_EDGE('',*,*,#1449,.T.);
#944=ORIENTED_EDGE('',*,*,#1450,.T.);
#945=ORIENTED_EDGE('',*,*,#1451,.T.);
#946=ORIENTED_EDGE('',*,*,#1452,.T.);
#947=ORIENTED_EDGE('',*,*,#1453,.F.);
#948=ORIENTED_EDGE('',*,*,#1454,.F.);
#949=ORIENTED_EDGE('',*,*,#1382,.T.);
#950=ORIENTED_EDGE('',*,*,#1400,.T.);
#951=ORIENTED_EDGE('',*,*,#1453,.T.);
#952=ORIENTED_EDGE('',*,*,#1455,.T.);
#953=ORIENTED_EDGE('',*,*,#1449,.F.);
#954=ORIENTED_EDGE('',*,*,#1396,.F.);
#955=ORIENTED_EDGE('',*,*,#1386,.F.);
#956=ORIENTED_EDGE('',*,*,#1456,.F.);
#957=ORIENTED_EDGE('',*,*,#1457,.F.);
#958=ORIENTED_EDGE('',*,*,#1458,.T.);
#959=ORIENTED_EDGE('',*,*,#1459,.T.);
#960=ORIENTED_EDGE('',*,*,#1460,.T.);
#961=ORIENTED_EDGE('',*,*,#1461,.T.);
#962=ORIENTED_EDGE('',*,*,#1459,.F.);
#963=ORIENTED_EDGE('',*,*,#1462,.F.);
#964=ORIENTED_EDGE('',*,*,#1463,.F.);
#965=ORIENTED_EDGE('',*,*,#1464,.F.);
#966=ORIENTED_EDGE('',*,*,#1465,.T.);
#967=ORIENTED_EDGE('',*,*,#1457,.T.);
#968=ORIENTED_EDGE('',*,*,#1466,.F.);
#969=ORIENTED_EDGE('',*,*,#1463,.T.);
#970=ORIENTED_EDGE('',*,*,#1456,.T.);
#971=ORIENTED_EDGE('',*,*,#1461,.F.);
#972=ORIENTED_EDGE('',*,*,#1465,.F.);
#973=ORIENTED_EDGE('',*,*,#1467,.T.);
#974=ORIENTED_EDGE('',*,*,#1462,.T.);
#975=ORIENTED_EDGE('',*,*,#1458,.F.);
#976=ORIENTED_EDGE('',*,*,#1460,.F.);
#977=ORIENTED_EDGE('',*,*,#1468,.F.);
#978=ORIENTED_EDGE('',*,*,#1469,.T.);
#979=ORIENTED_EDGE('',*,*,#1470,.T.);
#980=ORIENTED_EDGE('',*,*,#1471,.F.);
#981=ORIENTED_EDGE('',*,*,#1472,.T.);
#982=ORIENTED_EDGE('',*,*,#1464,.T.);
#983=ORIENTED_EDGE('',*,*,#1473,.F.);
#984=ORIENTED_EDGE('',*,*,#1470,.F.);
#985=ORIENTED_EDGE('',*,*,#1474,.F.);
#986=ORIENTED_EDGE('',*,*,#1473,.T.);
#987=ORIENTED_EDGE('',*,*,#1466,.T.);
#988=ORIENTED_EDGE('',*,*,#1468,.T.);
#989=ORIENTED_EDGE('',*,*,#1467,.F.);
#990=ORIENTED_EDGE('',*,*,#1472,.F.);
#991=ORIENTED_EDGE('',*,*,#1475,.T.);
#992=ORIENTED_EDGE('',*,*,#1476,.T.);
#993=ORIENTED_EDGE('',*,*,#1469,.F.);
#994=ORIENTED_EDGE('',*,*,#1477,.F.);
#995=ORIENTED_EDGE('',*,*,#1372,.T.);
#996=ORIENTED_EDGE('',*,*,#1478,.T.);
#997=ORIENTED_EDGE('',*,*,#1479,.T.);
#998=ORIENTED_EDGE('',*,*,#1480,.T.);
#999=ORIENTED_EDGE('',*,*,#1481,.F.);
#1000=ORIENTED_EDGE('',*,*,#1482,.T.);
#1001=ORIENTED_EDGE('',*,*,#1481,.T.);
#1002=ORIENTED_EDGE('',*,*,#1483,.T.);
#1003=ORIENTED_EDGE('',*,*,#1484,.F.);
#1004=ORIENTED_EDGE('',*,*,#1485,.T.);
#1005=ORIENTED_EDGE('',*,*,#1484,.T.);
#1006=ORIENTED_EDGE('',*,*,#1486,.T.);
#1007=ORIENTED_EDGE('',*,*,#1451,.F.);
#1008=ORIENTED_EDGE('',*,*,#1471,.T.);
#1009=ORIENTED_EDGE('',*,*,#1487,.F.);
#1010=ORIENTED_EDGE('',*,*,#1384,.F.);
#1011=ORIENTED_EDGE('',*,*,#1488,.T.);
#1012=ORIENTED_EDGE('',*,*,#1488,.F.);
#1013=ORIENTED_EDGE('',*,*,#1383,.F.);
#1014=ORIENTED_EDGE('',*,*,#1454,.T.);
#1015=ORIENTED_EDGE('',*,*,#1452,.F.);
#1016=ORIENTED_EDGE('',*,*,#1486,.F.);
#1017=ORIENTED_EDGE('',*,*,#1483,.F.);
#1018=ORIENTED_EDGE('',*,*,#1480,.F.);
#1019=ORIENTED_EDGE('',*,*,#1489,.F.);
#1020=ORIENTED_EDGE('',*,*,#1490,.T.);
#1021=ORIENTED_EDGE('',*,*,#1373,.T.);
#1022=ORIENTED_EDGE('',*,*,#1477,.T.);
#1023=ORIENTED_EDGE('',*,*,#1475,.F.);
#1024=ORIENTED_EDGE('',*,*,#1385,.T.);
#1025=ORIENTED_EDGE('',*,*,#1487,.T.);
#1026=ORIENTED_EDGE('',*,*,#1474,.T.);
#1027=ORIENTED_EDGE('',*,*,#1476,.F.);
#1028=ORIENTED_EDGE('',*,*,#1371,.F.);
#1029=ORIENTED_EDGE('',*,*,#1491,.F.);
#1030=ORIENTED_EDGE('',*,*,#1492,.F.);
#1031=ORIENTED_EDGE('',*,*,#1478,.F.);
#1032=ORIENTED_EDGE('',*,*,#1482,.F.);
#1033=ORIENTED_EDGE('',*,*,#1485,.F.);
#1034=ORIENTED_EDGE('',*,*,#1450,.F.);
#1035=ORIENTED_EDGE('',*,*,#1455,.F.);
#1036=ORIENTED_EDGE('',*,*,#1492,.T.);
#1037=ORIENTED_EDGE('',*,*,#1493,.F.);
#1038=ORIENTED_EDGE('',*,*,#1361,.T.);
#1039=ORIENTED_EDGE('',*,*,#1494,.T.);
#1040=ORIENTED_EDGE('',*,*,#1489,.T.);
#1041=ORIENTED_EDGE('',*,*,#1479,.F.);
#1042=ORIENTED_EDGE('',*,*,#1399,.F.);
#1043=ORIENTED_EDGE('',*,*,#1374,.F.);
#1044=ORIENTED_EDGE('',*,*,#1490,.F.);
#1045=ORIENTED_EDGE('',*,*,#1494,.F.);
#1046=ORIENTED_EDGE('',*,*,#1397,.T.);
#1047=ORIENTED_EDGE('',*,*,#1493,.T.);
#1048=ORIENTED_EDGE('',*,*,#1491,.T.);
#1049=ORIENTED_EDGE('',*,*,#1370,.T.);
#1050=EDGE_CURVE('',#1495,#1496,#1784,.T.);
#1051=EDGE_CURVE('',#1495,#1497,#1785,.F.);
#1052=EDGE_CURVE('',#1497,#1498,#1786,.T.);
#1053=EDGE_CURVE('',#1498,#1496,#1787,.T.);
#1054=EDGE_CURVE('',#1496,#1499,#1788,.T.);
#1055=EDGE_CURVE('',#1498,#1500,#1789,.T.);
#1056=EDGE_CURVE('',#1500,#1499,#1790,.T.);
#1057=EDGE_CURVE('',#1499,#1501,#1791,.T.);
#1058=EDGE_CURVE('',#1500,#1502,#1792,.T.);
#1059=EDGE_CURVE('',#1502,#1501,#1793,.T.);
#1060=EDGE_CURVE('',#1503,#1504,#87,.F.);
#1061=EDGE_CURVE('',#1505,#1504,#1794,.T.);
#1062=EDGE_CURVE('',#1505,#1506,#88,.T.);
#1063=EDGE_CURVE('',#1503,#1506,#1795,.T.);
#1064=EDGE_CURVE('',#1507,#1495,#43,.F.);
#1065=EDGE_CURVE('',#1508,#1507,#89,.F.);
#1066=EDGE_CURVE('',#1506,#1508,#1796,.T.);
#1067=EDGE_CURVE('',#1505,#1497,#44,.F.);
#1068=EDGE_CURVE('',#1509,#1510,#1797,.T.);
#1069=EDGE_CURVE('',#1509,#1511,#1798,.T.);
#1070=EDGE_CURVE('',#1511,#1512,#1799,.T.);
#1071=EDGE_CURVE('',#1510,#1512,#1800,.T.);
#1072=EDGE_CURVE('',#1513,#1514,#1801,.T.);
#1073=EDGE_CURVE('',#1509,#1513,#1802,.T.);
#1074=EDGE_CURVE('',#1510,#1514,#1803,.T.);
#1075=EDGE_CURVE('',#1515,#1516,#1804,.T.);
#1076=EDGE_CURVE('',#1515,#1513,#1805,.T.);
#1077=EDGE_CURVE('',#1516,#1514,#1806,.T.);
#1078=EDGE_CURVE('',#1517,#1518,#90,.F.);
#1079=EDGE_CURVE('',#1519,#1518,#1807,.T.);
#1080=EDGE_CURVE('',#1519,#1520,#91,.T.);
#1081=EDGE_CURVE('',#1517,#1520,#1808,.T.);
#1082=EDGE_CURVE('',#1521,#1511,#45,.F.);
#1083=EDGE_CURVE('',#1522,#1521,#92,.F.);
#1084=EDGE_CURVE('',#1520,#1522,#1809,.F.);
#1085=EDGE_CURVE('',#1519,#1512,#46,.F.);
#1086=EDGE_CURVE('',#1523,#1524,#1810,.T.);
#1087=EDGE_CURVE('',#1524,#1525,#1811,.T.);
#1088=EDGE_CURVE('',#1525,#1526,#1812,.T.);
#1089=EDGE_CURVE('',#1526,#1527,#1813,.T.);
#1090=EDGE_CURVE('',#1527,#1528,#1814,.T.);
#1091=EDGE_CURVE('',#1528,#1529,#1815,.T.);
#1092=EDGE_CURVE('',#1529,#1530,#1816,.T.);
#1093=EDGE_CURVE('',#1530,#1523,#1817,.T.);
#1094=EDGE_CURVE('',#1531,#1531,#93,.F.);
#1095=EDGE_CURVE('',#1501,#1532,#1818,.T.);
#1096=EDGE_CURVE('',#1502,#1504,#1819,.T.);
#1097=EDGE_CURVE('',#1504,#1533,#1820,.F.);
#1098=EDGE_CURVE('',#1534,#1533,#1821,.T.);
#1099=EDGE_CURVE('',#1535,#1534,#1822,.T.);
#1100=EDGE_CURVE('',#1535,#1536,#1823,.T.);
#1101=EDGE_CURVE('',#1536,#1537,#1824,.T.);
#1102=EDGE_CURVE('',#1538,#1537,#1825,.T.);
#1103=EDGE_CURVE('',#1538,#1539,#1826,.T.);
#1104=EDGE_CURVE('',#1540,#1539,#1827,.T.);
#1105=EDGE_CURVE('',#1540,#1532,#1828,.F.);
#1106=EDGE_CURVE('',#1541,#1542,#1829,.T.);
#1107=EDGE_CURVE('',#1542,#1543,#1830,.T.);
#1108=EDGE_CURVE('',#1544,#1543,#1831,.T.);
#1109=EDGE_CURVE('',#1544,#1545,#1832,.T.);
#1110=EDGE_CURVE('',#1545,#1546,#1833,.T.);
#1111=EDGE_CURVE('',#1546,#1541,#1834,.T.);
#1112=EDGE_CURVE('',#1522,#1547,#1835,.T.);
#1113=EDGE_CURVE('',#1547,#1548,#1836,.T.);
#1114=EDGE_CURVE('',#1549,#1548,#1837,.T.);
#1115=EDGE_CURVE('',#1549,#1550,#1838,.T.);
#1116=EDGE_CURVE('',#1550,#1551,#1839,.T.);
#1117=EDGE_CURVE('',#1551,#1552,#1840,.T.);
#1118=EDGE_CURVE('',#1552,#1553,#1841,.T.);
#1119=EDGE_CURVE('',#1553,#1517,#1842,.T.);
#1120=EDGE_CURVE('',#1554,#1555,#1843,.T.);
#1121=EDGE_CURVE('',#1555,#1556,#1844,.T.);
#1122=EDGE_CURVE('',#1557,#1556,#1845,.T.);
#1123=EDGE_CURVE('',#1557,#1558,#1846,.T.);
#1124=EDGE_CURVE('',#1558,#1559,#1847,.T.);
#1125=EDGE_CURVE('',#1559,#1554,#1848,.T.);
#1126=EDGE_CURVE('',#1508,#1560,#1849,.T.);
#1127=EDGE_CURVE('',#1560,#1561,#1850,.T.);
#1128=EDGE_CURVE('',#1562,#1561,#1851,.T.);
#1129=EDGE_CURVE('',#1562,#1563,#1852,.T.);
#1130=EDGE_CURVE('',#1563,#1564,#1853,.T.);
#1131=EDGE_CURVE('',#1564,#1565,#1854,.T.);
#1132=EDGE_CURVE('',#1565,#1566,#1855,.T.);
#1133=EDGE_CURVE('',#1566,#1503,#1856,.T.);
#1134=EDGE_CURVE('',#1567,#1568,#1857,.T.);
#1135=EDGE_CURVE('',#1567,#1553,#94,.T.);
#1136=EDGE_CURVE('',#1552,#1569,#1858,.T.);
#1137=EDGE_CURVE('',#1568,#1569,#1859,.T.);
#1138=EDGE_CURVE('',#1570,#1571,#1860,.T.);
#1139=EDGE_CURVE('',#1570,#1546,#1861,.T.);
#1140=EDGE_CURVE('',#1545,#1571,#1862,.T.);
#1141=EDGE_CURVE('',#1569,#1570,#1863,.T.);
#1142=EDGE_CURVE('',#1571,#1572,#1864,.T.);
#1143=EDGE_CURVE('',#1572,#1568,#1865,.T.);
#1144=EDGE_CURVE('',#1548,#1573,#95,.F.);
#1145=EDGE_CURVE('',#1573,#1574,#1866,.T.);
#1146=EDGE_CURVE('',#1574,#1575,#1867,.T.);
#1147=EDGE_CURVE('',#1549,#1575,#1868,.T.);
#1148=EDGE_CURVE('',#1576,#1556,#1869,.T.);
#1149=EDGE_CURVE('',#1576,#1577,#1870,.T.);
#1150=EDGE_CURVE('',#1557,#1577,#1871,.T.);
#1151=EDGE_CURVE('',#1575,#1576,#1872,.T.);
#1152=EDGE_CURVE('',#1578,#1574,#1873,.T.);
#1153=EDGE_CURVE('',#1577,#1578,#1874,.T.);
#1154=EDGE_CURVE('',#1579,#1580,#1875,.T.);
#1155=EDGE_CURVE('',#1579,#1559,#1876,.T.);
#1156=EDGE_CURVE('',#1558,#1580,#1877,.T.);
#1157=EDGE_CURVE('',#1533,#1566,#96,.T.);
#1158=EDGE_CURVE('',#1565,#1581,#1878,.T.);
#1159=EDGE_CURVE('',#1534,#1581,#1879,.T.);
#1160=EDGE_CURVE('',#1581,#1579,#1880,.T.);
#1161=EDGE_CURVE('',#1580,#1535,#1881,.T.);
#1162=EDGE_CURVE('',#1561,#1540,#97,.F.);
#1163=EDGE_CURVE('',#1539,#1582,#1882,.T.);
#1164=EDGE_CURVE('',#1562,#1582,#1883,.T.);
#1165=EDGE_CURVE('',#1583,#1543,#1884,.T.);
#1166=EDGE_CURVE('',#1583,#1584,#1885,.T.);
#1167=EDGE_CURVE('',#1544,#1584,#1886,.T.);
#1168=EDGE_CURVE('',#1582,#1583,#1887,.T.);
#1169=EDGE_CURVE('',#1584,#1538,#1888,.T.);
#1170=EDGE_CURVE('',#1578,#1585,#1889,.T.);
#1171=EDGE_CURVE('',#1585,#1586,#1890,.T.);
#1172=EDGE_CURVE('',#1587,#1586,#1891,.T.);
#1173=EDGE_CURVE('',#1587,#1588,#1892,.T.);
#1174=EDGE_CURVE('',#1588,#1589,#1893,.T.);
#1175=EDGE_CURVE('',#1589,#1590,#1894,.T.);
#1176=EDGE_CURVE('',#1591,#1590,#1895,.T.);
#1177=EDGE_CURVE('',#1592,#1591,#1896,.T.);
#1178=EDGE_CURVE('',#1592,#1593,#1897,.T.);
#1179=EDGE_CURVE('',#1593,#1536,#1898,.T.);
#1180=EDGE_CURVE('',#1537,#1594,#1899,.T.);
#1181=EDGE_CURVE('',#1595,#1594,#1900,.T.);
#1182=EDGE_CURVE('',#1595,#1596,#1901,.T.);
#1183=EDGE_CURVE('',#1596,#1597,#1902,.T.);
#1184=EDGE_CURVE('',#1597,#1598,#1903,.T.);
#1185=EDGE_CURVE('',#1599,#1598,#1904,.T.);
#1186=EDGE_CURVE('',#1600,#1599,#1905,.T.);
#1187=EDGE_CURVE('',#1600,#1601,#1906,.T.);
#1188=EDGE_CURVE('',#1601,#1602,#1907,.T.);
#1189=EDGE_CURVE('',#1572,#1602,#1908,.T.);
#1190=EDGE_CURVE('',#1515,#1603,#1909,.T.);
#1191=EDGE_CURVE('',#1516,#1518,#1910,.T.);
#1192=EDGE_CURVE('',#1518,#1567,#1911,.F.);
#1193=EDGE_CURVE('',#1602,#1585,#1912,.T.);
#1194=EDGE_CURVE('',#1573,#1603,#1913,.F.);
#1195=EDGE_CURVE('',#1604,#1587,#1914,.T.);
#1196=EDGE_CURVE('',#1605,#1604,#1915,.T.);
#1197=EDGE_CURVE('',#1588,#1605,#1916,.T.);
#1198=EDGE_CURVE('',#1606,#1607,#1917,.F.);
#1199=EDGE_CURVE('',#1608,#1606,#1918,.T.);
#1200=EDGE_CURVE('',#1609,#1608,#1919,.T.);
#1201=EDGE_CURVE('',#1607,#1609,#1920,.T.);
#1202=EDGE_CURVE('',#1610,#1595,#1921,.T.);
#1203=EDGE_CURVE('',#1611,#1610,#1922,.T.);
#1204=EDGE_CURVE('',#1596,#1611,#1923,.T.);
#1205=EDGE_CURVE('',#1612,#1613,#1924,.F.);
#1206=EDGE_CURVE('',#1614,#1612,#1925,.T.);
#1207=EDGE_CURVE('',#1615,#1614,#1926,.T.);
#1208=EDGE_CURVE('',#1613,#1615,#1927,.T.);
#1209=EDGE_CURVE('',#1616,#1617,#1928,.T.);
#1210=EDGE_CURVE('',#1598,#1616,#1929,.T.);
#1211=EDGE_CURVE('',#1597,#1618,#1930,.T.);
#1212=EDGE_CURVE('',#1618,#1619,#1931,.T.);
#1213=EDGE_CURVE('',#1619,#1594,#1932,.T.);
#1214=EDGE_CURVE('',#1620,#1593,#1933,.T.);
#1215=EDGE_CURVE('',#1621,#1620,#1934,.T.);
#1216=EDGE_CURVE('',#1590,#1621,#1935,.T.);
#1217=EDGE_CURVE('',#1589,#1622,#1936,.T.);
#1218=EDGE_CURVE('',#1622,#1623,#1937,.T.);
#1219=EDGE_CURVE('',#1623,#1586,#1938,.T.);
#1220=EDGE_CURVE('',#1617,#1601,#1939,.T.);
#1221=EDGE_CURVE('',#1605,#1622,#1940,.T.);
#1222=EDGE_CURVE('',#1604,#1623,#1941,.T.);
#1223=EDGE_CURVE('',#1624,#1621,#1942,.T.);
#1224=EDGE_CURVE('',#1591,#1624,#1943,.T.);
#1225=EDGE_CURVE('',#1625,#1620,#1944,.T.);
#1226=EDGE_CURVE('',#1624,#1625,#1945,.T.);
#1227=EDGE_CURVE('',#1625,#1592,#1946,.T.);
#1228=EDGE_CURVE('',#1626,#1627,#1947,.F.);
#1229=EDGE_CURVE('',#1628,#1626,#1948,.T.);
#1230=EDGE_CURVE('',#1629,#1628,#1949,.T.);
#1231=EDGE_CURVE('',#1627,#1629,#1950,.T.);
#1232=EDGE_CURVE('',#1611,#1618,#1951,.T.);
#1233=EDGE_CURVE('',#1610,#1619,#1952,.T.);
#1234=EDGE_CURVE('',#1630,#1616,#1953,.T.);
#1235=EDGE_CURVE('',#1599,#1630,#1954,.T.);
#1236=EDGE_CURVE('',#1631,#1617,#1955,.T.);
#1237=EDGE_CURVE('',#1630,#1631,#1956,.T.);
#1238=EDGE_CURVE('',#1631,#1600,#1957,.T.);
#1239=EDGE_CURVE('',#1632,#1633,#1958,.F.);
#1240=EDGE_CURVE('',#1634,#1632,#1959,.T.);
#1241=EDGE_CURVE('',#1635,#1634,#1960,.T.);
#1242=EDGE_CURVE('',#1633,#1635,#1961,.T.);
#1243=EDGE_CURVE('',#1636,#1614,#98,.T.);
#1244=EDGE_CURVE('',#1637,#1612,#99,.T.);
#1245=EDGE_CURVE('',#1638,#1637,#1962,.T.);
#1246=EDGE_CURVE('',#1639,#1638,#100,.T.);
#1247=EDGE_CURVE('',#1640,#1639,#1963,.T.);
#1248=EDGE_CURVE('',#1641,#1640,#1964,.F.);
#1249=EDGE_CURVE('',#1641,#1642,#1965,.T.);
#1250=EDGE_CURVE('',#1642,#1643,#101,.T.);
#1251=EDGE_CURVE('',#1643,#1636,#1966,.T.);
#1252=EDGE_CURVE('',#1644,#1613,#102,.T.);
#1253=EDGE_CURVE('',#1645,#1615,#103,.T.);
#1254=EDGE_CURVE('',#1646,#1645,#1967,.T.);
#1255=EDGE_CURVE('',#1647,#1646,#104,.T.);
#1256=EDGE_CURVE('',#1648,#1647,#1968,.T.);
#1257=EDGE_CURVE('',#1649,#1648,#1969,.F.);
#1258=EDGE_CURVE('',#1649,#1650,#1970,.T.);
#1259=EDGE_CURVE('',#1650,#1651,#105,.T.);
#1260=EDGE_CURVE('',#1651,#1644,#1971,.T.);
#1261=EDGE_CURVE('',#1637,#1644,#1972,.F.);
#1262=EDGE_CURVE('',#1645,#1636,#1973,.F.);
#1263=EDGE_CURVE('',#1646,#1643,#1974,.F.);
#1264=EDGE_CURVE('',#1638,#1651,#1975,.F.);
#1265=EDGE_CURVE('',#1647,#1642,#1976,.F.);
#1266=EDGE_CURVE('',#1639,#1650,#1977,.F.);
#1267=EDGE_CURVE('',#1648,#1641,#1978,.F.);
#1268=EDGE_CURVE('',#1640,#1649,#1979,.F.);
#1269=EDGE_CURVE('',#1652,#1635,#106,.T.);
#1270=EDGE_CURVE('',#1653,#1634,#107,.T.);
#1271=EDGE_CURVE('',#1653,#1652,#1980,.F.);
#1272=EDGE_CURVE('',#1654,#1632,#108,.T.);
#1273=EDGE_CURVE('',#1655,#1633,#109,.T.);
#1274=EDGE_CURVE('',#1655,#1654,#1981,.F.);
#1275=EDGE_CURVE('',#1656,#1653,#1982,.T.);
#1276=EDGE_CURVE('',#1656,#1657,#1983,.F.);
#1277=EDGE_CURVE('',#1657,#1652,#1984,.T.);
#1278=EDGE_CURVE('',#1658,#1654,#1985,.T.);
#1279=EDGE_CURVE('',#1659,#1655,#1986,.T.);
#1280=EDGE_CURVE('',#1659,#1658,#1987,.F.);
#1281=EDGE_CURVE('',#1660,#1656,#110,.T.);
#1282=EDGE_CURVE('',#1660,#1661,#1988,.F.);
#1283=EDGE_CURVE('',#1661,#1657,#111,.T.);
#1284=EDGE_CURVE('',#1662,#1658,#112,.T.);
#1285=EDGE_CURVE('',#1663,#1659,#113,.T.);
#1286=EDGE_CURVE('',#1663,#1662,#1989,.F.);
#1287=EDGE_CURVE('',#1664,#1660,#1990,.T.);
#1288=EDGE_CURVE('',#1664,#1665,#1991,.F.);
#1289=EDGE_CURVE('',#1665,#1661,#1992,.T.);
#1290=EDGE_CURVE('',#1666,#1662,#1993,.T.);
#1291=EDGE_CURVE('',#1666,#1664,#1994,.F.);
#1292=EDGE_CURVE('',#1667,#1663,#1995,.T.);
#1293=EDGE_CURVE('',#1667,#1666,#1996,.F.);
#1294=EDGE_CURVE('',#1665,#1667,#1997,.F.);
#1295=EDGE_CURVE('',#1668,#1629,#114,.T.);
#1296=EDGE_CURVE('',#1669,#1628,#115,.T.);
#1297=EDGE_CURVE('',#1669,#1668,#1998,.F.);
#1298=EDGE_CURVE('',#1670,#1626,#116,.T.);
#1299=EDGE_CURVE('',#1671,#1627,#117,.T.);
#1300=EDGE_CURVE('',#1671,#1670,#1999,.F.);
#1301=EDGE_CURVE('',#1672,#1669,#2000,.T.);
#1302=EDGE_CURVE('',#1672,#1673,#2001,.F.);
#1303=EDGE_CURVE('',#1673,#1668,#2002,.T.);
#1304=EDGE_CURVE('',#1674,#1670,#2003,.T.);
#1305=EDGE_CURVE('',#1675,#1671,#2004,.T.);
#1306=EDGE_CURVE('',#1675,#1674,#2005,.F.);
#1307=EDGE_CURVE('',#1676,#1672,#118,.T.);
#1308=EDGE_CURVE('',#1676,#1677,#2006,.F.);
#1309=EDGE_CURVE('',#1677,#1673,#119,.T.);
#1310=EDGE_CURVE('',#1678,#1674,#120,.T.);
#1311=EDGE_CURVE('',#1679,#1675,#121,.T.);
#1312=EDGE_CURVE('',#1679,#1678,#2007,.F.);
#1313=EDGE_CURVE('',#1680,#1676,#2008,.T.);
#1314=EDGE_CURVE('',#1680,#1681,#2009,.F.);
#1315=EDGE_CURVE('',#1681,#1677,#2010,.T.);
#1316=EDGE_CURVE('',#1682,#1678,#2011,.T.);
#1317=EDGE_CURVE('',#1682,#1680,#2012,.F.);
#1318=EDGE_CURVE('',#1683,#1679,#2013,.T.);
#1319=EDGE_CURVE('',#1683,#1682,#2014,.F.);
#1320=EDGE_CURVE('',#1681,#1683,#2015,.F.);
#1321=EDGE_CURVE('',#1684,#1608,#122,.T.);
#1322=EDGE_CURVE('',#1685,#1606,#123,.T.);
#1323=EDGE_CURVE('',#1686,#1685,#2016,.T.);
#1324=EDGE_CURVE('',#1687,#1686,#124,.T.);
#1325=EDGE_CURVE('',#1688,#1687,#2017,.T.);
#1326=EDGE_CURVE('',#1689,#1688,#2018,.F.);
#1327=EDGE_CURVE('',#1689,#1690,#2019,.T.);
#1328=EDGE_CURVE('',#1690,#1691,#125,.T.);
#1329=EDGE_CURVE('',#1691,#1684,#2020,.T.);
#1330=EDGE_CURVE('',#1692,#1607,#126,.T.);
#1331=EDGE_CURVE('',#1693,#1609,#127,.T.);
#1332=EDGE_CURVE('',#1694,#1693,#2021,.T.);
#1333=EDGE_CURVE('',#1695,#1694,#128,.T.);
#1334=EDGE_CURVE('',#1696,#1695,#2022,.T.);
#1335=EDGE_CURVE('',#1697,#1696,#2023,.F.);
#1336=EDGE_CURVE('',#1697,#1698,#2024,.T.);
#1337=EDGE_CURVE('',#1698,#1699,#129,.T.);
#1338=EDGE_CURVE('',#1699,#1692,#2025,.T.);
#1339=EDGE_CURVE('',#1685,#1692,#2026,.F.);
#1340=EDGE_CURVE('',#1693,#1684,#2027,.F.);
#1341=EDGE_CURVE('',#1694,#1691,#2028,.F.);
#1342=EDGE_CURVE('',#1686,#1699,#2029,.F.);
#1343=EDGE_CURVE('',#1695,#1690,#2030,.F.);
#1344=EDGE_CURVE('',#1687,#1698,#2031,.F.);
#1345=EDGE_CURVE('',#1696,#1689,#2032,.F.);
#1346=EDGE_CURVE('',#1688,#1697,#2033,.F.);
#1347=EDGE_CURVE('',#1541,#1525,#2034,.T.);
#1348=EDGE_CURVE('',#1542,#1524,#2035,.T.);
#1349=EDGE_CURVE('',#1550,#1527,#2036,.T.);
#1350=EDGE_CURVE('',#1551,#1526,#2037,.T.);
#1351=EDGE_CURVE('',#1554,#1529,#2038,.T.);
#1352=EDGE_CURVE('',#1555,#1528,#2039,.T.);
#1353=EDGE_CURVE('',#1563,#1523,#2040,.T.);
#1354=EDGE_CURVE('',#1564,#1530,#2041,.T.);
#1355=EDGE_CURVE('',#1507,#1532,#2042,.T.);
#1356=EDGE_CURVE('',#1532,#1560,#130,.T.);
#1357=EDGE_CURVE('',#1521,#1603,#2043,.T.);
#1358=EDGE_CURVE('',#1603,#1547,#131,.T.);
#1359=EDGE_CURVE('',#1700,#1700,#132,.T.);
#1360=EDGE_CURVE('',#1701,#1701,#133,.F.);
#1361=EDGE_CURVE('',#1702,#1703,#2044,.T.);
#1362=EDGE_CURVE('',#1704,#1702,#2045,.T.);
#1363=EDGE_CURVE('',#1704,#1705,#2046,.T.);
#1364=EDGE_CURVE('',#1705,#1703,#2047,.F.);
#1365=EDGE_CURVE('',#1706,#1707,#2048,.T.);
#1366=EDGE_CURVE('',#1707,#1708,#2049,.T.);
#1367=EDGE_CURVE('',#1709,#1708,#2050,.T.);
#1368=EDGE_CURVE('',#1706,#1709,#2051,.T.);
#1369=EDGE_CURVE('',#1710,#1711,#2052,.T.);
#1370=EDGE_CURVE('',#1712,#1711,#134,.F.);
#1371=EDGE_CURVE('',#1712,#1713,#2053,.T.);
#1372=EDGE_CURVE('',#1714,#1713,#2054,.T.);
#1373=EDGE_CURVE('',#1715,#1714,#2055,.T.);
#1374=EDGE_CURVE('',#1715,#1716,#135,.T.);
#1375=EDGE_CURVE('',#1717,#1716,#2056,.T.);
#1376=EDGE_CURVE('',#1717,#1718,#136,.T.);
#1377=EDGE_CURVE('',#1719,#1718,#2057,.T.);
#1378=EDGE_CURVE('',#1719,#1720,#2058,.T.);
#1379=EDGE_CURVE('',#1720,#1721,#2059,.T.);
#1380=EDGE_CURVE('',#1710,#1721,#137,.T.);
#1381=EDGE_CURVE('',#1722,#1723,#2060,.T.);
#1382=EDGE_CURVE('',#1724,#1723,#138,.T.);
#1383=EDGE_CURVE('',#1724,#1725,#2061,.T.);
#1384=EDGE_CURVE('',#1725,#1726,#2062,.T.);
#1385=EDGE_CURVE('',#1727,#1726,#2063,.T.);
#1386=EDGE_CURVE('',#1727,#1728,#139,.F.);
#1387=EDGE_CURVE('',#1729,#1728,#2064,.T.);
#1388=EDGE_CURVE('',#1729,#1730,#140,.T.);
#1389=EDGE_CURVE('',#1731,#1730,#2065,.T.);
#1390=EDGE_CURVE('',#1732,#1731,#2066,.T.);
#1391=EDGE_CURVE('',#1732,#1733,#2067,.T.);
#1392=EDGE_CURVE('',#1722,#1733,#141,.T.);
#1393=EDGE_CURVE('',#1734,#1734,#142,.T.);
#1394=EDGE_CURVE('',#1707,#1710,#2068,.T.);
#1395=EDGE_CURVE('',#1729,#1706,#2069,.T.);
#1396=EDGE_CURVE('',#1728,#1704,#2070,.T.);
#1397=EDGE_CURVE('',#1711,#1702,#2071,.T.);
#1398=EDGE_CURVE('',#1735,#1735,#143,.T.);
#1399=EDGE_CURVE('',#1716,#1703,#2072,.T.);
#1400=EDGE_CURVE('',#1723,#1705,#2073,.F.);
#1401=EDGE_CURVE('',#1722,#1709,#2074,.T.);
#1402=EDGE_CURVE('',#1708,#1717,#2075,.T.);
#1403=EDGE_CURVE('',#1736,#1709,#144,.T.);
#1404=EDGE_CURVE('',#1736,#1737,#2076,.T.);
#1405=EDGE_CURVE('',#1738,#1737,#2077,.T.);
#1406=EDGE_CURVE('',#1738,#1739,#2078,.T.);
#1407=EDGE_CURVE('',#1739,#1706,#145,.F.);
#1408=EDGE_CURVE('',#1733,#1736,#2079,.T.);
#1409=EDGE_CURVE('',#1730,#1739,#2080,.T.);
#1410=EDGE_CURVE('',#1740,#1741,#2081,.T.);
#1411=EDGE_CURVE('',#1741,#1742,#2082,.T.);
#1412=EDGE_CURVE('',#1743,#1742,#2083,.T.);
#1413=EDGE_CURVE('',#1740,#1743,#2084,.T.);
#1414=EDGE_CURVE('',#1744,#1742,#2085,.T.);
#1415=EDGE_CURVE('',#1745,#1744,#2086,.T.);
#1416=EDGE_CURVE('',#1745,#1743,#2087,.T.);
#1417=EDGE_CURVE('',#1746,#1747,#2088,.T.);
#1418=EDGE_CURVE('',#1747,#1741,#2089,.T.);
#1419=EDGE_CURVE('',#1746,#1740,#2090,.T.);
#1420=EDGE_CURVE('',#1746,#1745,#2091,.T.);
#1421=EDGE_CURVE('',#1747,#1744,#2092,.T.);
#1422=EDGE_CURVE('',#1748,#1749,#2093,.T.);
#1423=EDGE_CURVE('',#1748,#1745,#18,.F.);
#1424=EDGE_CURVE('',#1749,#1744,#19,.T.);
#1425=EDGE_CURVE('',#1750,#1746,#20,.T.);
#1426=EDGE_CURVE('',#1750,#1751,#2094,.T.);
#1427=EDGE_CURVE('',#1751,#1747,#21,.F.);
#1428=EDGE_CURVE('',#1750,#1748,#2095,.T.);
#1429=EDGE_CURVE('',#1751,#1749,#2096,.T.);
#1430=EDGE_CURVE('',#1720,#1749,#2097,.T.);
#1431=EDGE_CURVE('',#1719,#1748,#2098,.T.);
#1432=EDGE_CURVE('',#1752,#1753,#146,.T.);
#1433=EDGE_CURVE('',#1753,#1754,#2099,.T.);
#1434=EDGE_CURVE('',#1754,#1755,#147,.T.);
#1435=EDGE_CURVE('',#1752,#1755,#2100,.T.);
#1436=EDGE_CURVE('',#1753,#1756,#2101,.T.);
#1437=EDGE_CURVE('',#1756,#1757,#2102,.T.);
#1438=EDGE_CURVE('',#1757,#1754,#2103,.T.);
#1439=EDGE_CURVE('',#1756,#1738,#148,.T.);
#1440=EDGE_CURVE('',#1737,#1757,#149,.T.);
#1441=EDGE_CURVE('',#1731,#1751,#2104,.T.);
#1442=EDGE_CURVE('',#1732,#1750,#2105,.T.);
#1443=EDGE_CURVE('',#1758,#1752,#2106,.T.);
#1444=EDGE_CURVE('',#1758,#1721,#2107,.T.);
#1445=EDGE_CURVE('',#1759,#1718,#2108,.T.);
#1446=EDGE_CURVE('',#1755,#1759,#2109,.T.);
#1447=EDGE_CURVE('',#1759,#1708,#150,.T.);
#1448=EDGE_CURVE('',#1758,#1707,#151,.F.);
#1449=EDGE_CURVE('',#1704,#1760,#152,.T.);
#1450=EDGE_CURVE('',#1760,#1761,#2110,.T.);
#1451=EDGE_CURVE('',#1761,#1762,#2111,.T.);
#1452=EDGE_CURVE('',#1762,#1763,#2112,.T.);
#1453=EDGE_CURVE('',#1705,#1763,#153,.T.);
#1454=EDGE_CURVE('',#1724,#1763,#2113,.T.);
#1455=EDGE_CURVE('',#1727,#1760,#2114,.T.);
#1456=EDGE_CURVE('',#1764,#1765,#2115,.T.);
#1457=EDGE_CURVE('',#1766,#1764,#2116,.T.);
#1458=EDGE_CURVE('',#1766,#1767,#2117,.T.);
#1459=EDGE_CURVE('',#1767,#1765,#2118,.T.);
#1460=EDGE_CURVE('',#1768,#1769,#2119,.T.);
#1461=EDGE_CURVE('',#1769,#1765,#2120,.T.);
#1462=EDGE_CURVE('',#1768,#1767,#2121,.T.);
#1463=EDGE_CURVE('',#1770,#1764,#2122,.T.);
#1464=EDGE_CURVE('',#1771,#1770,#2123,.T.);
#1465=EDGE_CURVE('',#1771,#1766,#2124,.T.);
#1466=EDGE_CURVE('',#1770,#1769,#2125,.T.);
#1467=EDGE_CURVE('',#1771,#1768,#2126,.T.);
#1468=EDGE_CURVE('',#1772,#1768,#22,.T.);
#1469=EDGE_CURVE('',#1772,#1773,#2127,.T.);
#1470=EDGE_CURVE('',#1773,#1769,#23,.F.);
#1471=EDGE_CURVE('',#1774,#1775,#2128,.T.);
#1472=EDGE_CURVE('',#1774,#1771,#24,.F.);
#1473=EDGE_CURVE('',#1775,#1770,#25,.T.);
#1474=EDGE_CURVE('',#1775,#1773,#2129,.T.);
#1475=EDGE_CURVE('',#1774,#1772,#2130,.T.);
#1476=EDGE_CURVE('',#1713,#1773,#2131,.T.);
#1477=EDGE_CURVE('',#1714,#1772,#2132,.T.);
#1478=EDGE_CURVE('',#1776,#1777,#154,.T.);
#1479=EDGE_CURVE('',#1777,#1778,#2133,.T.);
#1480=EDGE_CURVE('',#1778,#1779,#155,.T.);
#1481=EDGE_CURVE('',#1776,#1779,#2134,.T.);
#1482=EDGE_CURVE('',#1780,#1776,#2135,.T.);
#1483=EDGE_CURVE('',#1779,#1781,#2136,.T.);
#1484=EDGE_CURVE('',#1780,#1781,#2137,.T.);
#1485=EDGE_CURVE('',#1761,#1780,#156,.T.);
#1486=EDGE_CURVE('',#1781,#1762,#157,.T.);
#1487=EDGE_CURVE('',#1726,#1775,#2138,.T.);
#1488=EDGE_CURVE('',#1725,#1774,#2139,.T.);
#1489=EDGE_CURVE('',#1782,#1778,#2140,.T.);
#1490=EDGE_CURVE('',#1782,#1715,#2141,.T.);
#1491=EDGE_CURVE('',#1783,#1712,#2142,.T.);
#1492=EDGE_CURVE('',#1777,#1783,#2143,.T.);
#1493=EDGE_CURVE('',#1702,#1783,#158,.T.);
#1494=EDGE_CURVE('',#1703,#1782,#159,.T.);
#1495=VERTEX_POINT('',#5028);
#1496=VERTEX_POINT('',#5029);
#1497=VERTEX_POINT('',#5031);
#1498=VERTEX_POINT('',#5033);
#1499=VERTEX_POINT('',#5037);
#1500=VERTEX_POINT('',#5039);
#1501=VERTEX_POINT('',#5043);
#1502=VERTEX_POINT('',#5045);
#1503=VERTEX_POINT('',#5049);
#1504=VERTEX_POINT('',#5050);
#1505=VERTEX_POINT('',#5052);
#1506=VERTEX_POINT('',#5054);
#1507=VERTEX_POINT('',#5058);
#1508=VERTEX_POINT('',#5060);
#1509=VERTEX_POINT('',#5065);
#1510=VERTEX_POINT('',#5066);
#1511=VERTEX_POINT('',#5068);
#1512=VERTEX_POINT('',#5070);
#1513=VERTEX_POINT('',#5074);
#1514=VERTEX_POINT('',#5075);
#1515=VERTEX_POINT('',#5080);
#1516=VERTEX_POINT('',#5081);
#1517=VERTEX_POINT('',#5086);
#1518=VERTEX_POINT('',#5087);
#1519=VERTEX_POINT('',#5089);
#1520=VERTEX_POINT('',#5091);
#1521=VERTEX_POINT('',#5095);
#1522=VERTEX_POINT('',#5097);
#1523=VERTEX_POINT('',#5102);
#1524=VERTEX_POINT('',#5103);
#1525=VERTEX_POINT('',#5105);
#1526=VERTEX_POINT('',#5107);
#1527=VERTEX_POINT('',#5109);
#1528=VERTEX_POINT('',#5111);
#1529=VERTEX_POINT('',#5113);
#1530=VERTEX_POINT('',#5115);
#1531=VERTEX_POINT('',#5118);
#1532=VERTEX_POINT('',#5121);
#1533=VERTEX_POINT('',#5124);
#1534=VERTEX_POINT('',#5126);
#1535=VERTEX_POINT('',#5128);
#1536=VERTEX_POINT('',#5130);
#1537=VERTEX_POINT('',#5132);
#1538=VERTEX_POINT('',#5134);
#1539=VERTEX_POINT('',#5136);
#1540=VERTEX_POINT('',#5138);
#1541=VERTEX_POINT('',#5142);
#1542=VERTEX_POINT('',#5143);
#1543=VERTEX_POINT('',#5145);
#1544=VERTEX_POINT('',#5147);
#1545=VERTEX_POINT('',#5149);
#1546=VERTEX_POINT('',#5151);
#1547=VERTEX_POINT('',#5155);
#1548=VERTEX_POINT('',#5157);
#1549=VERTEX_POINT('',#5159);
#1550=VERTEX_POINT('',#5161);
#1551=VERTEX_POINT('',#5163);
#1552=VERTEX_POINT('',#5165);
#1553=VERTEX_POINT('',#5167);
#1554=VERTEX_POINT('',#5171);
#1555=VERTEX_POINT('',#5172);
#1556=VERTEX_POINT('',#5174);
#1557=VERTEX_POINT('',#5176);
#1558=VERTEX_POINT('',#5178);
#1559=VERTEX_POINT('',#5180);
#1560=VERTEX_POINT('',#5184);
#1561=VERTEX_POINT('',#5186);
#1562=VERTEX_POINT('',#5188);
#1563=VERTEX_POINT('',#5190);
#1564=VERTEX_POINT('',#5192);
#1565=VERTEX_POINT('',#5194);
#1566=VERTEX_POINT('',#5196);
#1567=VERTEX_POINT('',#5200);
#1568=VERTEX_POINT('',#5201);
#1569=VERTEX_POINT('',#5204);
#1570=VERTEX_POINT('',#5208);
#1571=VERTEX_POINT('',#5209);
#1572=VERTEX_POINT('',#5215);
#1573=VERTEX_POINT('',#5219);
#1574=VERTEX_POINT('',#5221);
#1575=VERTEX_POINT('',#5223);
#1576=VERTEX_POINT('',#5227);
#1577=VERTEX_POINT('',#5229);
#1578=VERTEX_POINT('',#5234);
#1579=VERTEX_POINT('',#5238);
#1580=VERTEX_POINT('',#5239);
#1581=VERTEX_POINT('',#5245);
#1582=VERTEX_POINT('',#5253);
#1583=VERTEX_POINT('',#5257);
#1584=VERTEX_POINT('',#5259);
#1585=VERTEX_POINT('',#5266);
#1586=VERTEX_POINT('',#5268);
#1587=VERTEX_POINT('',#5270);
#1588=VERTEX_POINT('',#5272);
#1589=VERTEX_POINT('',#5274);
#1590=VERTEX_POINT('',#5276);
#1591=VERTEX_POINT('',#5278);
#1592=VERTEX_POINT('',#5280);
#1593=VERTEX_POINT('',#5282);
#1594=VERTEX_POINT('',#5286);
#1595=VERTEX_POINT('',#5288);
#1596=VERTEX_POINT('',#5290);
#1597=VERTEX_POINT('',#5292);
#1598=VERTEX_POINT('',#5294);
#1599=VERTEX_POINT('',#5296);
#1600=VERTEX_POINT('',#5298);
#1601=VERTEX_POINT('',#5300);
#1602=VERTEX_POINT('',#5302);
#1603=VERTEX_POINT('',#5306);
#1604=VERTEX_POINT('',#5313);
#1605=VERTEX_POINT('',#5315);
#1606=VERTEX_POINT('',#5318);
#1607=VERTEX_POINT('',#5319);
#1608=VERTEX_POINT('',#5321);
#1609=VERTEX_POINT('',#5323);
#1610=VERTEX_POINT('',#5327);
#1611=VERTEX_POINT('',#5329);
#1612=VERTEX_POINT('',#5332);
#1613=VERTEX_POINT('',#5333);
#1614=VERTEX_POINT('',#5335);
#1615=VERTEX_POINT('',#5337);
#1616=VERTEX_POINT('',#5341);
#1617=VERTEX_POINT('',#5342);
#1618=VERTEX_POINT('',#5345);
#1619=VERTEX_POINT('',#5347);
#1620=VERTEX_POINT('',#5350);
#1621=VERTEX_POINT('',#5352);
#1622=VERTEX_POINT('',#5355);
#1623=VERTEX_POINT('',#5357);
#1624=VERTEX_POINT('',#5367);
#1625=VERTEX_POINT('',#5371);
#1626=VERTEX_POINT('',#5377);
#1627=VERTEX_POINT('',#5378);
#1628=VERTEX_POINT('',#5380);
#1629=VERTEX_POINT('',#5382);
#1630=VERTEX_POINT('',#5391);
#1631=VERTEX_POINT('',#5395);
#1632=VERTEX_POINT('',#5401);
#1633=VERTEX_POINT('',#5402);
#1634=VERTEX_POINT('',#5404);
#1635=VERTEX_POINT('',#5406);
#1636=VERTEX_POINT('',#5410);
#1637=VERTEX_POINT('',#5412);
#1638=VERTEX_POINT('',#5414);
#1639=VERTEX_POINT('',#5416);
#1640=VERTEX_POINT('',#5418);
#1641=VERTEX_POINT('',#5420);
#1642=VERTEX_POINT('',#5422);
#1643=VERTEX_POINT('',#5424);
#1644=VERTEX_POINT('',#5428);
#1645=VERTEX_POINT('',#5430);
#1646=VERTEX_POINT('',#5432);
#1647=VERTEX_POINT('',#5434);
#1648=VERTEX_POINT('',#5436);
#1649=VERTEX_POINT('',#5438);
#1650=VERTEX_POINT('',#5440);
#1651=VERTEX_POINT('',#5442);
#1652=VERTEX_POINT('',#5463);
#1653=VERTEX_POINT('',#5465);
#1654=VERTEX_POINT('',#5469);
#1655=VERTEX_POINT('',#5471);
#1656=VERTEX_POINT('',#5475);
#1657=VERTEX_POINT('',#5477);
#1658=VERTEX_POINT('',#5481);
#1659=VERTEX_POINT('',#5483);
#1660=VERTEX_POINT('',#5487);
#1661=VERTEX_POINT('',#5489);
#1662=VERTEX_POINT('',#5493);
#1663=VERTEX_POINT('',#5495);
#1664=VERTEX_POINT('',#5499);
#1665=VERTEX_POINT('',#5501);
#1666=VERTEX_POINT('',#5505);
#1667=VERTEX_POINT('',#5509);
#1668=VERTEX_POINT('',#5516);
#1669=VERTEX_POINT('',#5518);
#1670=VERTEX_POINT('',#5522);
#1671=VERTEX_POINT('',#5524);
#1672=VERTEX_POINT('',#5528);
#1673=VERTEX_POINT('',#5530);
#1674=VERTEX_POINT('',#5534);
#1675=VERTEX_POINT('',#5536);
#1676=VERTEX_POINT('',#5540);
#1677=VERTEX_POINT('',#5542);
#1678=VERTEX_POINT('',#5546);
#1679=VERTEX_POINT('',#5548);
#1680=VERTEX_POINT('',#5552);
#1681=VERTEX_POINT('',#5554);
#1682=VERTEX_POINT('',#5558);
#1683=VERTEX_POINT('',#5562);
#1684=VERTEX_POINT('',#5569);
#1685=VERTEX_POINT('',#5571);
#1686=VERTEX_POINT('',#5573);
#1687=VERTEX_POINT('',#5575);
#1688=VERTEX_POINT('',#5577);
#1689=VERTEX_POINT('',#5579);
#1690=VERTEX_POINT('',#5581);
#1691=VERTEX_POINT('',#5583);
#1692=VERTEX_POINT('',#5587);
#1693=VERTEX_POINT('',#5589);
#1694=VERTEX_POINT('',#5591);
#1695=VERTEX_POINT('',#5593);
#1696=VERTEX_POINT('',#5595);
#1697=VERTEX_POINT('',#5597);
#1698=VERTEX_POINT('',#5599);
#1699=VERTEX_POINT('',#5601);
#1700=VERTEX_POINT('',#5648);
#1701=VERTEX_POINT('',#5651);
#1702=VERTEX_POINT('',#5660);
#1703=VERTEX_POINT('',#5661);
#1704=VERTEX_POINT('',#5663);
#1705=VERTEX_POINT('',#5665);
#1706=VERTEX_POINT('',#5669);
#1707=VERTEX_POINT('',#5670);
#1708=VERTEX_POINT('',#5672);
#1709=VERTEX_POINT('',#5674);
#1710=VERTEX_POINT('',#5678);
#1711=VERTEX_POINT('',#5679);
#1712=VERTEX_POINT('',#5681);
#1713=VERTEX_POINT('',#5683);
#1714=VERTEX_POINT('',#5685);
#1715=VERTEX_POINT('',#5687);
#1716=VERTEX_POINT('',#5689);
#1717=VERTEX_POINT('',#5691);
#1718=VERTEX_POINT('',#5693);
#1719=VERTEX_POINT('',#5695);
#1720=VERTEX_POINT('',#5697);
#1721=VERTEX_POINT('',#5699);
#1722=VERTEX_POINT('',#5703);
#1723=VERTEX_POINT('',#5704);
#1724=VERTEX_POINT('',#5706);
#1725=VERTEX_POINT('',#5708);
#1726=VERTEX_POINT('',#5710);
#1727=VERTEX_POINT('',#5712);
#1728=VERTEX_POINT('',#5714);
#1729=VERTEX_POINT('',#5716);
#1730=VERTEX_POINT('',#5718);
#1731=VERTEX_POINT('',#5720);
#1732=VERTEX_POINT('',#5722);
#1733=VERTEX_POINT('',#5724);
#1734=VERTEX_POINT('',#5728);
#1735=VERTEX_POINT('',#5735);
#1736=VERTEX_POINT('',#5743);
#1737=VERTEX_POINT('',#5745);
#1738=VERTEX_POINT('',#5747);
#1739=VERTEX_POINT('',#5749);
#1740=VERTEX_POINT('',#5757);
#1741=VERTEX_POINT('',#5758);
#1742=VERTEX_POINT('',#5760);
#1743=VERTEX_POINT('',#5762);
#1744=VERTEX_POINT('',#5766);
#1745=VERTEX_POINT('',#5768);
#1746=VERTEX_POINT('',#5772);
#1747=VERTEX_POINT('',#5773);
#1748=VERTEX_POINT('',#5797);
#1749=VERTEX_POINT('',#5798);
#1750=VERTEX_POINT('',#5827);
#1751=VERTEX_POINT('',#5829);
#1752=VERTEX_POINT('',#5843);
#1753=VERTEX_POINT('',#5844);
#1754=VERTEX_POINT('',#5846);
#1755=VERTEX_POINT('',#5848);
#1756=VERTEX_POINT('',#5852);
#1757=VERTEX_POINT('',#5854);
#1758=VERTEX_POINT('',#5864);
#1759=VERTEX_POINT('',#5868);
#1760=VERTEX_POINT('',#5877);
#1761=VERTEX_POINT('',#5879);
#1762=VERTEX_POINT('',#5881);
#1763=VERTEX_POINT('',#5883);
#1764=VERTEX_POINT('',#5891);
#1765=VERTEX_POINT('',#5892);
#1766=VERTEX_POINT('',#5894);
#1767=VERTEX_POINT('',#5896);
#1768=VERTEX_POINT('',#5900);
#1769=VERTEX_POINT('',#5901);
#1770=VERTEX_POINT('',#5906);
#1771=VERTEX_POINT('',#5908);
#1772=VERTEX_POINT('',#5934);
#1773=VERTEX_POINT('',#5936);
#1774=VERTEX_POINT('',#5958);
#1775=VERTEX_POINT('',#5959);
#1776=VERTEX_POINT('',#5977);
#1777=VERTEX_POINT('',#5978);
#1778=VERTEX_POINT('',#5980);
#1779=VERTEX_POINT('',#5982);
#1780=VERTEX_POINT('',#5986);
#1781=VERTEX_POINT('',#5988);
#1782=VERTEX_POINT('',#5998);
#1783=VERTEX_POINT('',#6002);
#1784=LINE('',#5027,#2144);
#1785=LINE('',#5030,#2145);
#1786=LINE('',#5032,#2146);
#1787=LINE('',#5034,#2147);
#1788=LINE('',#5036,#2148);
#1789=LINE('',#5038,#2149);
#1790=LINE('',#5040,#2150);
#1791=LINE('',#5042,#2151);
#1792=LINE('',#5044,#2152);
#1793=LINE('',#5046,#2153);
#1794=LINE('',#5051,#2154);
#1795=LINE('',#5055,#2155);
#1796=LINE('',#5061,#2156);
#1797=LINE('',#5064,#2157);
#1798=LINE('',#5067,#2158);
#1799=LINE('',#5069,#2159);
#1800=LINE('',#5071,#2160);
#1801=LINE('',#5073,#2161);
#1802=LINE('',#5076,#2162);
#1803=LINE('',#5077,#2163);
#1804=LINE('',#5079,#2164);
#1805=LINE('',#5082,#2165);
#1806=LINE('',#5083,#2166);
#1807=LINE('',#5088,#2167);
#1808=LINE('',#5092,#2168);
#1809=LINE('',#5098,#2169);
#1810=LINE('',#5101,#2170);
#1811=LINE('',#5104,#2171);
#1812=LINE('',#5106,#2172);
#1813=LINE('',#5108,#2173);
#1814=LINE('',#5110,#2174);
#1815=LINE('',#5112,#2175);
#1816=LINE('',#5114,#2176);
#1817=LINE('',#5116,#2177);
#1818=LINE('',#5120,#2178);
#1819=LINE('',#5122,#2179);
#1820=LINE('',#5123,#2180);
#1821=LINE('',#5125,#2181);
#1822=LINE('',#5127,#2182);
#1823=LINE('',#5129,#2183);
#1824=LINE('',#5131,#2184);
#1825=LINE('',#5133,#2185);
#1826=LINE('',#5135,#2186);
#1827=LINE('',#5137,#2187);
#1828=LINE('',#5139,#2188);
#1829=LINE('',#5141,#2189);
#1830=LINE('',#5144,#2190);
#1831=LINE('',#5146,#2191);
#1832=LINE('',#5148,#2192);
#1833=LINE('',#5150,#2193);
#1834=LINE('',#5152,#2194);
#1835=LINE('',#5154,#2195);
#1836=LINE('',#5156,#2196);
#1837=LINE('',#5158,#2197);
#1838=LINE('',#5160,#2198);
#1839=LINE('',#5162,#2199);
#1840=LINE('',#5164,#2200);
#1841=LINE('',#5166,#2201);
#1842=LINE('',#5168,#2202);
#1843=LINE('',#5170,#2203);
#1844=LINE('',#5173,#2204);
#1845=LINE('',#5175,#2205);
#1846=LINE('',#5177,#2206);
#1847=LINE('',#5179,#2207);
#1848=LINE('',#5181,#2208);
#1849=LINE('',#5183,#2209);
#1850=LINE('',#5185,#2210);
#1851=LINE('',#5187,#2211);
#1852=LINE('',#5189,#2212);
#1853=LINE('',#5191,#2213);
#1854=LINE('',#5193,#2214);
#1855=LINE('',#5195,#2215);
#1856=LINE('',#5197,#2216);
#1857=LINE('',#5199,#2217);
#1858=LINE('',#5203,#2218);
#1859=LINE('',#5205,#2219);
#1860=LINE('',#5207,#2220);
#1861=LINE('',#5210,#2221);
#1862=LINE('',#5211,#2222);
#1863=LINE('',#5213,#2223);
#1864=LINE('',#5214,#2224);
#1865=LINE('',#5216,#2225);
#1866=LINE('',#5220,#2226);
#1867=LINE('',#5222,#2227);
#1868=LINE('',#5224,#2228);
#1869=LINE('',#5226,#2229);
#1870=LINE('',#5228,#2230);
#1871=LINE('',#5230,#2231);
#1872=LINE('',#5232,#2232);
#1873=LINE('',#5233,#2233);
#1874=LINE('',#5235,#2234);
#1875=LINE('',#5237,#2235);
#1876=LINE('',#5240,#2236);
#1877=LINE('',#5241,#2237);
#1878=LINE('',#5244,#2238);
#1879=LINE('',#5246,#2239);
#1880=LINE('',#5248,#2240);
#1881=LINE('',#5249,#2241);
#1882=LINE('',#5252,#2242);
#1883=LINE('',#5254,#2243);
#1884=LINE('',#5256,#2244);
#1885=LINE('',#5258,#2245);
#1886=LINE('',#5260,#2246);
#1887=LINE('',#5262,#2247);
#1888=LINE('',#5263,#2248);
#1889=LINE('',#5265,#2249);
#1890=LINE('',#5267,#2250);
#1891=LINE('',#5269,#2251);
#1892=LINE('',#5271,#2252);
#1893=LINE('',#5273,#2253);
#1894=LINE('',#5275,#2254);
#1895=LINE('',#5277,#2255);
#1896=LINE('',#5279,#2256);
#1897=LINE('',#5281,#2257);
#1898=LINE('',#5283,#2258);
#1899=LINE('',#5285,#2259);
#1900=LINE('',#5287,#2260);
#1901=LINE('',#5289,#2261);
#1902=LINE('',#5291,#2262);
#1903=LINE('',#5293,#2263);
#1904=LINE('',#5295,#2264);
#1905=LINE('',#5297,#2265);
#1906=LINE('',#5299,#2266);
#1907=LINE('',#5301,#2267);
#1908=LINE('',#5303,#2268);
#1909=LINE('',#5305,#2269);
#1910=LINE('',#5307,#2270);
#1911=LINE('',#5308,#2271);
#1912=LINE('',#5309,#2272);
#1913=LINE('',#5310,#2273);
#1914=LINE('',#5312,#2274);
#1915=LINE('',#5314,#2275);
#1916=LINE('',#5316,#2276);
#1917=LINE('',#5317,#2277);
#1918=LINE('',#5320,#2278);
#1919=LINE('',#5322,#2279);
#1920=LINE('',#5324,#2280);
#1921=LINE('',#5326,#2281);
#1922=LINE('',#5328,#2282);
#1923=LINE('',#5330,#2283);
#1924=LINE('',#5331,#2284);
#1925=LINE('',#5334,#2285);
#1926=LINE('',#5336,#2286);
#1927=LINE('',#5338,#2287);
#1928=LINE('',#5340,#2288);
#1929=LINE('',#5343,#2289);
#1930=LINE('',#5344,#2290);
#1931=LINE('',#5346,#2291);
#1932=LINE('',#5348,#2292);
#1933=LINE('',#5349,#2293);
#1934=LINE('',#5351,#2294);
#1935=LINE('',#5353,#2295);
#1936=LINE('',#5354,#2296);
#1937=LINE('',#5356,#2297);
#1938=LINE('',#5358,#2298);
#1939=LINE('',#5359,#2299);
#1940=LINE('',#5361,#2300);
#1941=LINE('',#5363,#2301);
#1942=LINE('',#5366,#2302);
#1943=LINE('',#5368,#2303);
#1944=LINE('',#5370,#2304);
#1945=LINE('',#5372,#2305);
#1946=LINE('',#5374,#2306);
#1947=LINE('',#5376,#2307);
#1948=LINE('',#5379,#2308);
#1949=LINE('',#5381,#2309);
#1950=LINE('',#5383,#2310);
#1951=LINE('',#5385,#2311);
#1952=LINE('',#5387,#2312);
#1953=LINE('',#5390,#2313);
#1954=LINE('',#5392,#2314);
#1955=LINE('',#5394,#2315);
#1956=LINE('',#5396,#2316);
#1957=LINE('',#5398,#2317);
#1958=LINE('',#5400,#2318);
#1959=LINE('',#5403,#2319);
#1960=LINE('',#5405,#2320);
#1961=LINE('',#5407,#2321);
#1962=LINE('',#5413,#2322);
#1963=LINE('',#5417,#2323);
#1964=LINE('',#5419,#2324);
#1965=LINE('',#5421,#2325);
#1966=LINE('',#5425,#2326);
#1967=LINE('',#5431,#2327);
#1968=LINE('',#5435,#2328);
#1969=LINE('',#5437,#2329);
#1970=LINE('',#5439,#2330);
#1971=LINE('',#5443,#2331);
#1972=LINE('',#5445,#2332);
#1973=LINE('',#5447,#2333);
#1974=LINE('',#5449,#2334);
#1975=LINE('',#5451,#2335);
#1976=LINE('',#5453,#2336);
#1977=LINE('',#5455,#2337);
#1978=LINE('',#5457,#2338);
#1979=LINE('',#5459,#2339);
#1980=LINE('',#5466,#2340);
#1981=LINE('',#5472,#2341);
#1982=LINE('',#5474,#2342);
#1983=LINE('',#5476,#2343);
#1984=LINE('',#5478,#2344);
#1985=LINE('',#5480,#2345);
#1986=LINE('',#5482,#2346);
#1987=LINE('',#5484,#2347);
#1988=LINE('',#5488,#2348);
#1989=LINE('',#5496,#2349);
#1990=LINE('',#5498,#2350);
#1991=LINE('',#5500,#2351);
#1992=LINE('',#5502,#2352);
#1993=LINE('',#5504,#2353);
#1994=LINE('',#5506,#2354);
#1995=LINE('',#5508,#2355);
#1996=LINE('',#5510,#2356);
#1997=LINE('',#5512,#2357);
#1998=LINE('',#5519,#2358);
#1999=LINE('',#5525,#2359);
#2000=LINE('',#5527,#2360);
#2001=LINE('',#5529,#2361);
#2002=LINE('',#5531,#2362);
#2003=LINE('',#5533,#2363);
#2004=LINE('',#5535,#2364);
#2005=LINE('',#5537,#2365);
#2006=LINE('',#5541,#2366);
#2007=LINE('',#5549,#2367);
#2008=LINE('',#5551,#2368);
#2009=LINE('',#5553,#2369);
#2010=LINE('',#5555,#2370);
#2011=LINE('',#5557,#2371);
#2012=LINE('',#5559,#2372);
#2013=LINE('',#5561,#2373);
#2014=LINE('',#5563,#2374);
#2015=LINE('',#5565,#2375);
#2016=LINE('',#5572,#2376);
#2017=LINE('',#5576,#2377);
#2018=LINE('',#5578,#2378);
#2019=LINE('',#5580,#2379);
#2020=LINE('',#5584,#2380);
#2021=LINE('',#5590,#2381);
#2022=LINE('',#5594,#2382);
#2023=LINE('',#5596,#2383);
#2024=LINE('',#5598,#2384);
#2025=LINE('',#5602,#2385);
#2026=LINE('',#5604,#2386);
#2027=LINE('',#5606,#2387);
#2028=LINE('',#5608,#2388);
#2029=LINE('',#5610,#2389);
#2030=LINE('',#5612,#2390);
#2031=LINE('',#5614,#2391);
#2032=LINE('',#5616,#2392);
#2033=LINE('',#5618,#2393);
#2034=LINE('',#5621,#2394);
#2035=LINE('',#5622,#2395);
#2036=LINE('',#5624,#2396);
#2037=LINE('',#5625,#2397);
#2038=LINE('',#5627,#2398);
#2039=LINE('',#5628,#2399);
#2040=LINE('',#5630,#2400);
#2041=LINE('',#5631,#2401);
#2042=LINE('',#5637,#2402);
#2043=LINE('',#5640,#2403);
#2044=LINE('',#5659,#2404);
#2045=LINE('',#5662,#2405);
#2046=LINE('',#5664,#2406);
#2047=LINE('',#5666,#2407);
#2048=LINE('',#5668,#2408);
#2049=LINE('',#5671,#2409);
#2050=LINE('',#5673,#2410);
#2051=LINE('',#5675,#2411);
#2052=LINE('',#5677,#2412);
#2053=LINE('',#5682,#2413);
#2054=LINE('',#5684,#2414);
#2055=LINE('',#5686,#2415);
#2056=LINE('',#5690,#2416);
#2057=LINE('',#5694,#2417);
#2058=LINE('',#5696,#2418);
#2059=LINE('',#5698,#2419);
#2060=LINE('',#5702,#2420);
#2061=LINE('',#5707,#2421);
#2062=LINE('',#5709,#2422);
#2063=LINE('',#5711,#2423);
#2064=LINE('',#5715,#2424);
#2065=LINE('',#5719,#2425);
#2066=LINE('',#5721,#2426);
#2067=LINE('',#5723,#2427);
#2068=LINE('',#5729,#2428);
#2069=LINE('',#5730,#2429);
#2070=LINE('',#5731,#2430);
#2071=LINE('',#5732,#2431);
#2072=LINE('',#5736,#2432);
#2073=LINE('',#5737,#2433);
#2074=LINE('',#5738,#2434);
#2075=LINE('',#5739,#2435);
#2076=LINE('',#5744,#2436);
#2077=LINE('',#5746,#2437);
#2078=LINE('',#5748,#2438);
#2079=LINE('',#5752,#2439);
#2080=LINE('',#5754,#2440);
#2081=LINE('',#5756,#2441);
#2082=LINE('',#5759,#2442);
#2083=LINE('',#5761,#2443);
#2084=LINE('',#5763,#2444);
#2085=LINE('',#5765,#2445);
#2086=LINE('',#5767,#2446);
#2087=LINE('',#5769,#2447);
#2088=LINE('',#5771,#2448);
#2089=LINE('',#5774,#2449);
#2090=LINE('',#5775,#2450);
#2091=LINE('',#5777,#2451);
#2092=LINE('',#5779,#2452);
#2093=LINE('',#5796,#2453);
#2094=LINE('',#5828,#2454);
#2095=LINE('',#5835,#2455);
#2096=LINE('',#5837,#2456);
#2097=LINE('',#5839,#2457);
#2098=LINE('',#5840,#2458);
#2099=LINE('',#5845,#2459);
#2100=LINE('',#5849,#2460);
#2101=LINE('',#5851,#2461);
#2102=LINE('',#5853,#2462);
#2103=LINE('',#5855,#2463);
#2104=LINE('',#5860,#2464);
#2105=LINE('',#5861,#2465);
#2106=LINE('',#5863,#2466);
#2107=LINE('',#5865,#2467);
#2108=LINE('',#5867,#2468);
#2109=LINE('',#5869,#2469);
#2110=LINE('',#5878,#2470);
#2111=LINE('',#5880,#2471);
#2112=LINE('',#5882,#2472);
#2113=LINE('',#5886,#2473);
#2114=LINE('',#5888,#2474);
#2115=LINE('',#5890,#2475);
#2116=LINE('',#5893,#2476);
#2117=LINE('',#5895,#2477);
#2118=LINE('',#5897,#2478);
#2119=LINE('',#5899,#2479);
#2120=LINE('',#5902,#2480);
#2121=LINE('',#5903,#2481);
#2122=LINE('',#5905,#2482);
#2123=LINE('',#5907,#2483);
#2124=LINE('',#5909,#2484);
#2125=LINE('',#5911,#2485);
#2126=LINE('',#5913,#2486);
#2127=LINE('',#5935,#2487);
#2128=LINE('',#5957,#2488);
#2129=LINE('',#5969,#2489);
#2130=LINE('',#5971,#2490);
#2131=LINE('',#5973,#2491);
#2132=LINE('',#5974,#2492);
#2133=LINE('',#5979,#2493);
#2134=LINE('',#5983,#2494);
#2135=LINE('',#5985,#2495);
#2136=LINE('',#5987,#2496);
#2137=LINE('',#5989,#2497);
#2138=LINE('',#5994,#2498);
#2139=LINE('',#5995,#2499);
#2140=LINE('',#5997,#2500);
#2141=LINE('',#5999,#2501);
#2142=LINE('',#6001,#2502);
#2143=LINE('',#6003,#2503);
#2144=VECTOR('',#4189,1000.);
#2145=VECTOR('',#4190,1000.);
#2146=VECTOR('',#4191,1000.);
#2147=VECTOR('',#4192,1000.);
#2148=VECTOR('',#4195,1000.);
#2149=VECTOR('',#4196,1000.);
#2150=VECTOR('',#4197,1000.);
#2151=VECTOR('',#4200,1000.);
#2152=VECTOR('',#4201,1000.);
#2153=VECTOR('',#4202,1000.);
#2154=VECTOR('',#4207,1000.);
#2155=VECTOR('',#4210,1000.);
#2156=VECTOR('',#4217,1000.);
#2157=VECTOR('',#4222,1000.);
#2158=VECTOR('',#4223,1000.);
#2159=VECTOR('',#4224,1000.);
#2160=VECTOR('',#4225,1000.);
#2161=VECTOR('',#4228,1000.);
#2162=VECTOR('',#4229,1000.);
#2163=VECTOR('',#4230,1000.);
#2164=VECTOR('',#4233,1000.);
#2165=VECTOR('',#4234,1000.);
#2166=VECTOR('',#4235,1000.);
#2167=VECTOR('',#4240,1000.);
#2168=VECTOR('',#4243,1000.);
#2169=VECTOR('',#4250,1000.);
#2170=VECTOR('',#4255,1000.);
#2171=VECTOR('',#4256,1000.);
#2172=VECTOR('',#4257,1000.);
#2173=VECTOR('',#4258,1000.);
#2174=VECTOR('',#4259,1000.);
#2175=VECTOR('',#4260,1000.);
#2176=VECTOR('',#4261,1000.);
#2177=VECTOR('',#4262,1000.);
#2178=VECTOR('',#4267,1000.);
#2179=VECTOR('',#4268,1000.);
#2180=VECTOR('',#4269,1000.);
#2181=VECTOR('',#4270,1000.);
#2182=VECTOR('',#4271,1000.);
#2183=VECTOR('',#4272,1000.);
#2184=VECTOR('',#4273,1000.);
#2185=VECTOR('',#4274,1000.);
#2186=VECTOR('',#4275,1000.);
#2187=VECTOR('',#4276,1000.);
#2188=VECTOR('',#4277,1000.);
#2189=VECTOR('',#4280,1000.);
#2190=VECTOR('',#4281,1000.);
#2191=VECTOR('',#4282,1000.);
#2192=VECTOR('',#4283,1000.);
#2193=VECTOR('',#4284,1000.);
#2194=VECTOR('',#4285,1000.);
#2195=VECTOR('',#4288,1000.);
#2196=VECTOR('',#4289,1000.);
#2197=VECTOR('',#4290,1000.);
#2198=VECTOR('',#4291,1000.);
#2199=VECTOR('',#4292,1000.);
#2200=VECTOR('',#4293,1000.);
#2201=VECTOR('',#4294,1000.);
#2202=VECTOR('',#4295,1000.);
#2203=VECTOR('',#4298,1000.);
#2204=VECTOR('',#4299,1000.);
#2205=VECTOR('',#4300,1000.);
#2206=VECTOR('',#4301,1000.);
#2207=VECTOR('',#4302,1000.);
#2208=VECTOR('',#4303,1000.);
#2209=VECTOR('',#4306,1000.);
#2210=VECTOR('',#4307,1000.);
#2211=VECTOR('',#4308,1000.);
#2212=VECTOR('',#4309,1000.);
#2213=VECTOR('',#4310,1000.);
#2214=VECTOR('',#4311,1000.);
#2215=VECTOR('',#4312,1000.);
#2216=VECTOR('',#4313,1000.);
#2217=VECTOR('',#4316,1000.);
#2218=VECTOR('',#4319,1000.);
#2219=VECTOR('',#4320,1000.);
#2220=VECTOR('',#4323,1000.);
#2221=VECTOR('',#4324,1000.);
#2222=VECTOR('',#4325,1000.);
#2223=VECTOR('',#4328,1000.);
#2224=VECTOR('',#4329,1000.);
#2225=VECTOR('',#4330,1000.);
#2226=VECTOR('',#4335,1000.);
#2227=VECTOR('',#4336,1000.);
#2228=VECTOR('',#4337,1000.);
#2229=VECTOR('',#4340,1000.);
#2230=VECTOR('',#4341,1000.);
#2231=VECTOR('',#4342,1000.);
#2232=VECTOR('',#4345,1000.);
#2233=VECTOR('',#4346,1000.);
#2234=VECTOR('',#4347,1000.);
#2235=VECTOR('',#4350,1000.);
#2236=VECTOR('',#4351,1000.);
#2237=VECTOR('',#4352,1000.);
#2238=VECTOR('',#4357,1000.);
#2239=VECTOR('',#4358,1000.);
#2240=VECTOR('',#4361,1000.);
#2241=VECTOR('',#4362,1000.);
#2242=VECTOR('',#4367,1000.);
#2243=VECTOR('',#4368,1000.);
#2244=VECTOR('',#4371,1000.);
#2245=VECTOR('',#4372,1000.);
#2246=VECTOR('',#4373,1000.);
#2247=VECTOR('',#4376,1000.);
#2248=VECTOR('',#4377,1000.);
#2249=VECTOR('',#4380,1000.);
#2250=VECTOR('',#4381,1000.);
#2251=VECTOR('',#4382,1000.);
#2252=VECTOR('',#4383,1000.);
#2253=VECTOR('',#4384,1000.);
#2254=VECTOR('',#4385,1000.);
#2255=VECTOR('',#4386,1000.);
#2256=VECTOR('',#4387,1000.);
#2257=VECTOR('',#4388,1000.);
#2258=VECTOR('',#4389,1000.);
#2259=VECTOR('',#4392,1000.);
#2260=VECTOR('',#4393,1000.);
#2261=VECTOR('',#4394,1000.);
#2262=VECTOR('',#4395,1000.);
#2263=VECTOR('',#4396,1000.);
#2264=VECTOR('',#4397,1000.);
#2265=VECTOR('',#4398,1000.);
#2266=VECTOR('',#4399,1000.);
#2267=VECTOR('',#4400,1000.);
#2268=VECTOR('',#4401,1000.);
#2269=VECTOR('',#4404,1000.);
#2270=VECTOR('',#4405,1000.);
#2271=VECTOR('',#4406,1000.);
#2272=VECTOR('',#4407,1000.);
#2273=VECTOR('',#4408,1000.);
#2274=VECTOR('',#4411,1000.);
#2275=VECTOR('',#4412,1000.);
#2276=VECTOR('',#4413,1000.);
#2277=VECTOR('',#4414,1000.);
#2278=VECTOR('',#4415,1000.);
#2279=VECTOR('',#4416,1000.);
#2280=VECTOR('',#4417,1000.);
#2281=VECTOR('',#4420,1000.);
#2282=VECTOR('',#4421,1000.);
#2283=VECTOR('',#4422,1000.);
#2284=VECTOR('',#4423,1000.);
#2285=VECTOR('',#4424,1000.);
#2286=VECTOR('',#4425,1000.);
#2287=VECTOR('',#4426,1000.);
#2288=VECTOR('',#4429,1000.);
#2289=VECTOR('',#4430,1000.);
#2290=VECTOR('',#4431,1000.);
#2291=VECTOR('',#4432,1000.);
#2292=VECTOR('',#4433,1000.);
#2293=VECTOR('',#4434,1000.);
#2294=VECTOR('',#4435,1000.);
#2295=VECTOR('',#4436,1000.);
#2296=VECTOR('',#4437,1000.);
#2297=VECTOR('',#4438,1000.);
#2298=VECTOR('',#4439,1000.);
#2299=VECTOR('',#4440,1000.);
#2300=VECTOR('',#4443,1000.);
#2301=VECTOR('',#4446,1000.);
#2302=VECTOR('',#4451,1000.);
#2303=VECTOR('',#4452,1000.);
#2304=VECTOR('',#4455,1000.);
#2305=VECTOR('',#4456,1000.);
#2306=VECTOR('',#4459,1000.);
#2307=VECTOR('',#4462,1000.);
#2308=VECTOR('',#4463,1000.);
#2309=VECTOR('',#4464,1000.);
#2310=VECTOR('',#4465,1000.);
#2311=VECTOR('',#4468,1000.);
#2312=VECTOR('',#4471,1000.);
#2313=VECTOR('',#4476,1000.);
#2314=VECTOR('',#4477,1000.);
#2315=VECTOR('',#4480,1000.);
#2316=VECTOR('',#4481,1000.);
#2317=VECTOR('',#4484,1000.);
#2318=VECTOR('',#4487,1000.);
#2319=VECTOR('',#4488,1000.);
#2320=VECTOR('',#4489,1000.);
#2321=VECTOR('',#4490,1000.);
#2322=VECTOR('',#4497,1000.);
#2323=VECTOR('',#4500,1000.);
#2324=VECTOR('',#4501,1000.);
#2325=VECTOR('',#4502,1000.);
#2326=VECTOR('',#4505,1000.);
#2327=VECTOR('',#4512,1000.);
#2328=VECTOR('',#4515,1000.);
#2329=VECTOR('',#4516,1000.);
#2330=VECTOR('',#4517,1000.);
#2331=VECTOR('',#4520,1000.);
#2332=VECTOR('',#4523,1000.);
#2333=VECTOR('',#4526,1000.);
#2334=VECTOR('',#4529,1000.);
#2335=VECTOR('',#4532,1000.);
#2336=VECTOR('',#4535,1000.);
#2337=VECTOR('',#4538,1000.);
#2338=VECTOR('',#4541,1000.);
#2339=VECTOR('',#4544,1000.);
#2340=VECTOR('',#4553,1000.);
#2341=VECTOR('',#4560,1000.);
#2342=VECTOR('',#4563,1000.);
#2343=VECTOR('',#4564,1000.);
#2344=VECTOR('',#4565,1000.);
#2345=VECTOR('',#4568,1000.);
#2346=VECTOR('',#4569,1000.);
#2347=VECTOR('',#4570,1000.);
#2348=VECTOR('',#4575,1000.);
#2349=VECTOR('',#4584,1000.);
#2350=VECTOR('',#4587,1000.);
#2351=VECTOR('',#4588,1000.);
#2352=VECTOR('',#4589,1000.);
#2353=VECTOR('',#4592,1000.);
#2354=VECTOR('',#4593,1000.);
#2355=VECTOR('',#4596,1000.);
#2356=VECTOR('',#4597,1000.);
#2357=VECTOR('',#4600,1000.);
#2358=VECTOR('',#4609,1000.);
#2359=VECTOR('',#4616,1000.);
#2360=VECTOR('',#4619,1000.);
#2361=VECTOR('',#4620,1000.);
#2362=VECTOR('',#4621,1000.);
#2363=VECTOR('',#4624,1000.);
#2364=VECTOR('',#4625,1000.);
#2365=VECTOR('',#4626,1000.);
#2366=VECTOR('',#4631,1000.);
#2367=VECTOR('',#4640,1000.);
#2368=VECTOR('',#4643,1000.);
#2369=VECTOR('',#4644,1000.);
#2370=VECTOR('',#4645,1000.);
#2371=VECTOR('',#4648,1000.);
#2372=VECTOR('',#4649,1000.);
#2373=VECTOR('',#4652,1000.);
#2374=VECTOR('',#4653,1000.);
#2375=VECTOR('',#4656,1000.);
#2376=VECTOR('',#4665,1000.);
#2377=VECTOR('',#4668,1000.);
#2378=VECTOR('',#4669,1000.);
#2379=VECTOR('',#4670,1000.);
#2380=VECTOR('',#4673,1000.);
#2381=VECTOR('',#4680,1000.);
#2382=VECTOR('',#4683,1000.);
#2383=VECTOR('',#4684,1000.);
#2384=VECTOR('',#4685,1000.);
#2385=VECTOR('',#4688,1000.);
#2386=VECTOR('',#4691,1000.);
#2387=VECTOR('',#4694,1000.);
#2388=VECTOR('',#4697,1000.);
#2389=VECTOR('',#4700,1000.);
#2390=VECTOR('',#4703,1000.);
#2391=VECTOR('',#4706,1000.);
#2392=VECTOR('',#4709,1000.);
#2393=VECTOR('',#4712,1000.);
#2394=VECTOR('',#4717,1000.);
#2395=VECTOR('',#4718,1000.);
#2396=VECTOR('',#4721,1000.);
#2397=VECTOR('',#4722,1000.);
#2398=VECTOR('',#4725,1000.);
#2399=VECTOR('',#4726,1000.);
#2400=VECTOR('',#4729,1000.);
#2401=VECTOR('',#4730,1000.);
#2402=VECTOR('',#4741,1000.);
#2403=VECTOR('',#4746,1000.);
#2404=VECTOR('',#4779,1000.);
#2405=VECTOR('',#4780,1000.);
#2406=VECTOR('',#4781,1000.);
#2407=VECTOR('',#4782,1000.);
#2408=VECTOR('',#4785,1000.);
#2409=VECTOR('',#4786,1000.);
#2410=VECTOR('',#4787,1000.);
#2411=VECTOR('',#4788,1000.);
#2412=VECTOR('',#4791,1000.);
#2413=VECTOR('',#4794,1000.);
#2414=VECTOR('',#4795,1000.);
#2415=VECTOR('',#4796,1000.);
#2416=VECTOR('',#4799,1000.);
#2417=VECTOR('',#4802,1000.);
#2418=VECTOR('',#4803,1000.);
#2419=VECTOR('',#4804,1000.);
#2420=VECTOR('',#4809,1000.);
#2421=VECTOR('',#4812,1000.);
#2422=VECTOR('',#4813,1000.);
#2423=VECTOR('',#4814,1000.);
#2424=VECTOR('',#4817,1000.);
#2425=VECTOR('',#4820,1000.);
#2426=VECTOR('',#4821,1000.);
#2427=VECTOR('',#4822,1000.);
#2428=VECTOR('',#4829,1000.);
#2429=VECTOR('',#4830,1000.);
#2430=VECTOR('',#4831,1000.);
#2431=VECTOR('',#4832,1000.);
#2432=VECTOR('',#4837,1000.);
#2433=VECTOR('',#4838,1000.);
#2434=VECTOR('',#4839,1000.);
#2435=VECTOR('',#4840,1000.);
#2436=VECTOR('',#4847,1000.);
#2437=VECTOR('',#4848,1000.);
#2438=VECTOR('',#4849,1000.);
#2439=VECTOR('',#4854,1000.);
#2440=VECTOR('',#4857,1000.);
#2441=VECTOR('',#4860,1000.);
#2442=VECTOR('',#4861,1000.);
#2443=VECTOR('',#4862,1000.);
#2444=VECTOR('',#4863,1000.);
#2445=VECTOR('',#4866,1000.);
#2446=VECTOR('',#4867,1000.);
#2447=VECTOR('',#4868,1000.);
#2448=VECTOR('',#4871,1000.);
#2449=VECTOR('',#4872,1000.);
#2450=VECTOR('',#4873,1000.);
#2451=VECTOR('',#4876,1000.);
#2452=VECTOR('',#4879,1000.);
#2453=VECTOR('',#4880,1000.);
#2454=VECTOR('',#4881,1000.);
#2455=VECTOR('',#4884,1000.);
#2456=VECTOR('',#4887,1000.);
#2457=VECTOR('',#4890,1000.);
#2458=VECTOR('',#4891,1000.);
#2459=VECTOR('',#4896,1000.);
#2460=VECTOR('',#4899,1000.);
#2461=VECTOR('',#4902,1000.);
#2462=VECTOR('',#4903,1000.);
#2463=VECTOR('',#4904,1000.);
#2464=VECTOR('',#4913,1000.);
#2465=VECTOR('',#4914,1000.);
#2466=VECTOR('',#4917,1000.);
#2467=VECTOR('',#4918,1000.);
#2468=VECTOR('',#4921,1000.);
#2469=VECTOR('',#4922,1000.);
#2470=VECTOR('',#4937,1000.);
#2471=VECTOR('',#4938,1000.);
#2472=VECTOR('',#4939,1000.);
#2473=VECTOR('',#4944,1000.);
#2474=VECTOR('',#4947,1000.);
#2475=VECTOR('',#4950,1000.);
#2476=VECTOR('',#4951,1000.);
#2477=VECTOR('',#4952,1000.);
#2478=VECTOR('',#4953,1000.);
#2479=VECTOR('',#4956,1000.);
#2480=VECTOR('',#4957,1000.);
#2481=VECTOR('',#4958,1000.);
#2482=VECTOR('',#4961,1000.);
#2483=VECTOR('',#4962,1000.);
#2484=VECTOR('',#4963,1000.);
#2485=VECTOR('',#4966,1000.);
#2486=VECTOR('',#4969,1000.);
#2487=VECTOR('',#4970,1000.);
#2488=VECTOR('',#4971,1000.);
#2489=VECTOR('',#4974,1000.);
#2490=VECTOR('',#4977,1000.);
#2491=VECTOR('',#4980,1000.);
#2492=VECTOR('',#4981,1000.);
#2493=VECTOR('',#4986,1000.);
#2494=VECTOR('',#4989,1000.);
#2495=VECTOR('',#4992,1000.);
#2496=VECTOR('',#4993,1000.);
#2497=VECTOR('',#4994,1000.);
#2498=VECTOR('',#5003,1000.);
#2499=VECTOR('',#5004,1000.);
#2500=VECTOR('',#5007,1000.);
#2501=VECTOR('',#5008,1000.);
#2502=VECTOR('',#5011,1000.);
#2503=VECTOR('',#5012,1000.);
#2504=EDGE_LOOP('',(#160,#161,#162,#163));
#2505=EDGE_LOOP('',(#164,#165,#166,#167));
#2506=EDGE_LOOP('',(#168,#169,#170,#171));
#2507=EDGE_LOOP('',(#172,#173,#174,#175));
#2508=EDGE_LOOP('',(#176,#177,#178,#179,#180,#181));
#2509=EDGE_LOOP('',(#182,#183,#184,#185));
#2510=EDGE_LOOP('',(#186,#187,#188,#189));
#2511=EDGE_LOOP('',(#190,#191,#192,#193));
#2512=EDGE_LOOP('',(#194,#195,#196,#197));
#2513=EDGE_LOOP('',(#198,#199,#200,#201,#202,#203));
#2514=EDGE_LOOP('',(#204,#205,#206,#207,#208,#209,#210,#211));
#2515=EDGE_LOOP('',(#212));
#2516=EDGE_LOOP('',(#213,#214,#215,#216,#217,#218,#219,#220,#221,#222,#223,
#224));
#2517=EDGE_LOOP('',(#225,#226,#227,#228,#229,#230));
#2518=EDGE_LOOP('',(#231,#232,#233,#234,#235,#236,#237,#238,#239,#240));
#2519=EDGE_LOOP('',(#241,#242,#243,#244,#245,#246));
#2520=EDGE_LOOP('',(#247,#248,#249,#250,#251,#252,#253,#254,#255,#256));
#2521=EDGE_LOOP('',(#257,#258,#259,#260,#261));
#2522=EDGE_LOOP('',(#262,#263,#264,#265));
#2523=EDGE_LOOP('',(#266,#267,#268,#269,#270));
#2524=EDGE_LOOP('',(#271,#272,#273,#274,#275));
#2525=EDGE_LOOP('',(#276,#277,#278,#279));
#2526=EDGE_LOOP('',(#280,#281,#282,#283,#284));
#2527=EDGE_LOOP('',(#285,#286,#287,#288));
#2528=EDGE_LOOP('',(#289,#290,#291,#292,#293));
#2529=EDGE_LOOP('',(#294,#295,#296,#297,#298));
#2530=EDGE_LOOP('',(#299,#300,#301,#302,#303));
#2531=EDGE_LOOP('',(#304,#305,#306,#307));
#2532=EDGE_LOOP('',(#308,#309,#310,#311,#312));
#2533=EDGE_LOOP('',(#313,#314,#315,#316,#317,#318,#319,#320,#321,#322,#323,
#324,#325,#326,#327,#328));
#2534=EDGE_LOOP('',(#329,#330,#331,#332,#333,#334,#335,#336,#337,#338,#339,
#340,#341,#342,#343,#344));
#2535=EDGE_LOOP('',(#345,#346,#347,#348,#349,#350,#351,#352,#353,#354,#355,
#356));
#2536=EDGE_LOOP('',(#357,#358,#359,#360));
#2537=EDGE_LOOP('',(#361,#362,#363,#364));
#2538=EDGE_LOOP('',(#365,#366,#367,#368));
#2539=EDGE_LOOP('',(#369,#370,#371,#372));
#2540=EDGE_LOOP('',(#373,#374,#375,#376,#377,#378,#379,#380,#381,#382,#383,
#384,#385,#386,#387,#388,#389,#390,#391,#392));
#2541=EDGE_LOOP('',(#393,#394,#395,#396));
#2542=EDGE_LOOP('',(#397,#398,#399,#400));
#2543=EDGE_LOOP('',(#401,#402,#403,#404));
#2544=EDGE_LOOP('',(#405,#406,#407,#408));
#2545=EDGE_LOOP('',(#409,#410,#411,#412));
#2546=EDGE_LOOP('',(#413,#414,#415,#416));
#2547=EDGE_LOOP('',(#417,#418,#419,#420));
#2548=EDGE_LOOP('',(#421,#422,#423,#424));
#2549=EDGE_LOOP('',(#425,#426,#427,#428));
#2550=EDGE_LOOP('',(#429,#430,#431,#432));
#2551=EDGE_LOOP('',(#433,#434,#435,#436));
#2552=EDGE_LOOP('',(#437,#438,#439,#440));
#2553=EDGE_LOOP('',(#441,#442,#443,#444));
#2554=EDGE_LOOP('',(#445,#446,#447,#448));
#2555=EDGE_LOOP('',(#449,#450,#451,#452));
#2556=EDGE_LOOP('',(#453,#454,#455,#456));
#2557=EDGE_LOOP('',(#457,#458,#459,#460,#461,#462,#463,#464,#465,#466));
#2558=EDGE_LOOP('',(#467,#468,#469,#470,#471,#472,#473,#474,#475,#476));
#2559=EDGE_LOOP('',(#477,#478,#479,#480));
#2560=EDGE_LOOP('',(#481,#482,#483,#484));
#2561=EDGE_LOOP('',(#485,#486,#487,#488));
#2562=EDGE_LOOP('',(#489,#490,#491,#492));
#2563=EDGE_LOOP('',(#493,#494,#495,#496));
#2564=EDGE_LOOP('',(#497,#498,#499,#500));
#2565=EDGE_LOOP('',(#501,#502,#503,#504));
#2566=EDGE_LOOP('',(#505,#506,#507,#508));
#2567=EDGE_LOOP('',(#509,#510,#511,#512));
#2568=EDGE_LOOP('',(#513,#514,#515,#516));
#2569=EDGE_LOOP('',(#517,#518,#519,#520));
#2570=EDGE_LOOP('',(#521,#522,#523,#524));
#2571=EDGE_LOOP('',(#525,#526,#527,#528));
#2572=EDGE_LOOP('',(#529,#530,#531,#532));
#2573=EDGE_LOOP('',(#533,#534,#535,#536));
#2574=EDGE_LOOP('',(#537,#538,#539,#540));
#2575=EDGE_LOOP('',(#541,#542,#543,#544,#545,#546,#547,#548,#549,#550));
#2576=EDGE_LOOP('',(#551,#552,#553,#554));
#2577=EDGE_LOOP('',(#555,#556,#557,#558,#559,#560,#561,#562,#563,#564));
#2578=EDGE_LOOP('',(#565,#566,#567,#568));
#2579=EDGE_LOOP('',(#569,#570,#571,#572));
#2580=EDGE_LOOP('',(#573,#574,#575,#576));
#2581=EDGE_LOOP('',(#577,#578,#579,#580));
#2582=EDGE_LOOP('',(#581,#582,#583,#584));
#2583=EDGE_LOOP('',(#585,#586,#587,#588));
#2584=EDGE_LOOP('',(#589,#590,#591,#592));
#2585=EDGE_LOOP('',(#593,#594,#595,#596));
#2586=EDGE_LOOP('',(#597,#598,#599,#600,#601,#602,#603,#604,#605,#606));
#2587=EDGE_LOOP('',(#607,#608,#609,#610));
#2588=EDGE_LOOP('',(#611,#612,#613,#614,#615,#616,#617,#618,#619,#620));
#2589=EDGE_LOOP('',(#621,#622,#623,#624));
#2590=EDGE_LOOP('',(#625,#626,#627,#628,#629,#630,#631,#632,#633,#634));
#2591=EDGE_LOOP('',(#635,#636,#637,#638,#639,#640,#641,#642,#643,#644));
#2592=EDGE_LOOP('',(#645,#646,#647,#648));
#2593=EDGE_LOOP('',(#649,#650,#651,#652));
#2594=EDGE_LOOP('',(#653,#654,#655,#656));
#2595=EDGE_LOOP('',(#657,#658,#659,#660));
#2596=EDGE_LOOP('',(#661,#662,#663,#664));
#2597=EDGE_LOOP('',(#665,#666,#667,#668));
#2598=EDGE_LOOP('',(#669,#670,#671,#672));
#2599=EDGE_LOOP('',(#673,#674,#675,#676));
#2600=EDGE_LOOP('',(#677,#678,#679,#680));
#2601=EDGE_LOOP('',(#681,#682,#683,#684));
#2602=EDGE_LOOP('',(#685,#686,#687,#688));
#2603=EDGE_LOOP('',(#689,#690,#691,#692));
#2604=EDGE_LOOP('',(#693,#694,#695,#696));
#2605=EDGE_LOOP('',(#697,#698,#699,#700,#701,#702,#703,#704));
#2606=EDGE_LOOP('',(#705,#706,#707,#708,#709,#710,#711,#712));
#2607=EDGE_LOOP('',(#713,#714,#715,#716,#717,#718,#719,#720));
#2608=EDGE_LOOP('',(#721,#722,#723,#724,#725,#726,#727,#728));
#2609=EDGE_LOOP('',(#729,#730,#731,#732));
#2610=EDGE_LOOP('',(#733,#734,#735,#736));
#2611=EDGE_LOOP('',(#737,#738,#739,#740));
#2612=EDGE_LOOP('',(#741,#742,#743,#744));
#2613=EDGE_LOOP('',(#745,#746,#747,#748));
#2614=EDGE_LOOP('',(#749,#750,#751,#752));
#2615=EDGE_LOOP('',(#753));
#2616=EDGE_LOOP('',(#754));
#2617=EDGE_LOOP('',(#755));
#2618=EDGE_LOOP('',(#756));
#2619=EDGE_LOOP('',(#757));
#2620=EDGE_LOOP('',(#758,#759,#760,#761,#762,#763));
#2621=EDGE_LOOP('',(#764,#765,#766,#767,#768,#769));
#2622=EDGE_LOOP('',(#770,#771,#772,#773,#774,#775));
#2623=EDGE_LOOP('',(#776,#777,#778,#779,#780,#781));
#2624=EDGE_LOOP('',(#782,#783,#784,#785));
#2625=EDGE_LOOP('',(#786,#787,#788,#789));
#2626=EDGE_LOOP('',(#790,#791,#792,#793,#794,#795,#796,#797,#798,#799,#800,
#801));
#2627=EDGE_LOOP('',(#802,#803,#804,#805,#806,#807,#808,#809,#810,#811,#812,
#813));
#2628=EDGE_LOOP('',(#814));
#2629=EDGE_LOOP('',(#815,#816,#817,#818,#819,#820,#821,#822));
#2630=EDGE_LOOP('',(#823));
#2631=EDGE_LOOP('',(#824,#825,#826,#827,#828,#829,#830,#831));
#2632=EDGE_LOOP('',(#832));
#2633=EDGE_LOOP('',(#833));
#2634=EDGE_LOOP('',(#834,#835,#836,#837,#838,#839));
#2635=EDGE_LOOP('',(#840,#841,#842,#843));
#2636=EDGE_LOOP('',(#844,#845,#846,#847));
#2637=EDGE_LOOP('',(#848,#849,#850,#851));
#2638=EDGE_LOOP('',(#852,#853,#854,#855));
#2639=EDGE_LOOP('',(#856,#857,#858,#859));
#2640=EDGE_LOOP('',(#860,#861,#862,#863));
#2641=EDGE_LOOP('',(#864,#865,#866,#867));
#2642=EDGE_LOOP('',(#868,#869,#870,#871));
#2643=EDGE_LOOP('',(#872,#873,#874,#875));
#2644=EDGE_LOOP('',(#876,#877,#878,#879));
#2645=EDGE_LOOP('',(#880,#881,#882,#883));
#2646=EDGE_LOOP('',(#884,#885,#886,#887));
#2647=EDGE_LOOP('',(#888,#889,#890,#891));
#2648=EDGE_LOOP('',(#892,#893,#894,#895));
#2649=EDGE_LOOP('',(#896,#897,#898,#899));
#2650=EDGE_LOOP('',(#900,#901,#902,#903));
#2651=EDGE_LOOP('',(#904,#905,#906,#907,#908,#909,#910,#911,#912,#913,#914,
#915));
#2652=EDGE_LOOP('',(#916,#917,#918,#919,#920,#921,#922,#923,#924,#925,#926,
#927));
#2653=EDGE_LOOP('',(#928,#929,#930,#931,#932,#933));
#2654=EDGE_LOOP('',(#934,#935,#936,#937));
#2655=EDGE_LOOP('',(#938,#939,#940,#941));
#2656=EDGE_LOOP('',(#942,#943,#944,#945,#946,#947));
#2657=EDGE_LOOP('',(#948,#949,#950,#951));
#2658=EDGE_LOOP('',(#952,#953,#954,#955));
#2659=EDGE_LOOP('',(#956,#957,#958,#959));
#2660=EDGE_LOOP('',(#960,#961,#962,#963));
#2661=EDGE_LOOP('',(#964,#965,#966,#967));
#2662=EDGE_LOOP('',(#968,#969,#970,#971));
#2663=EDGE_LOOP('',(#972,#973,#974,#975));
#2664=EDGE_LOOP('',(#976,#977,#978,#979));
#2665=EDGE_LOOP('',(#980,#981,#982,#983));
#2666=EDGE_LOOP('',(#984,#985,#986,#987));
#2667=EDGE_LOOP('',(#988,#989,#990,#991));
#2668=EDGE_LOOP('',(#992,#993,#994,#995));
#2669=EDGE_LOOP('',(#996,#997,#998,#999));
#2670=EDGE_LOOP('',(#1000,#1001,#1002,#1003));
#2671=EDGE_LOOP('',(#1004,#1005,#1006,#1007));
#2672=EDGE_LOOP('',(#1008,#1009,#1010,#1011));
#2673=EDGE_LOOP('',(#1012,#1013,#1014,#1015,#1016,#1017,#1018,#1019,#1020,
#1021,#1022,#1023));
#2674=EDGE_LOOP('',(#1024,#1025,#1026,#1027,#1028,#1029,#1030,#1031,#1032,
#1033,#1034,#1035));
#2675=EDGE_LOOP('',(#1036,#1037,#1038,#1039,#1040,#1041));
#2676=EDGE_LOOP('',(#1042,#1043,#1044,#1045));
#2677=EDGE_LOOP('',(#1046,#1047,#1048,#1049));
#2678=FACE_BOUND('',#2504,.T.);
#2679=FACE_BOUND('',#2505,.T.);
#2680=FACE_BOUND('',#2506,.T.);
#2681=FACE_BOUND('',#2507,.T.);
#2682=FACE_BOUND('',#2508,.T.);
#2683=FACE_BOUND('',#2509,.T.);
#2684=FACE_BOUND('',#2510,.T.);
#2685=FACE_BOUND('',#2511,.T.);
#2686=FACE_BOUND('',#2512,.T.);
#2687=FACE_BOUND('',#2513,.T.);
#2688=FACE_BOUND('',#2514,.T.);
#2689=FACE_BOUND('',#2515,.T.);
#2690=FACE_BOUND('',#2516,.T.);
#2691=FACE_BOUND('',#2517,.T.);
#2692=FACE_BOUND('',#2518,.T.);
#2693=FACE_BOUND('',#2519,.T.);
#2694=FACE_BOUND('',#2520,.T.);
#2695=FACE_BOUND('',#2521,.T.);
#2696=FACE_BOUND('',#2522,.T.);
#2697=FACE_BOUND('',#2523,.T.);
#2698=FACE_BOUND('',#2524,.T.);
#2699=FACE_BOUND('',#2525,.T.);
#2700=FACE_BOUND('',#2526,.T.);
#2701=FACE_BOUND('',#2527,.T.);
#2702=FACE_BOUND('',#2528,.T.);
#2703=FACE_BOUND('',#2529,.T.);
#2704=FACE_BOUND('',#2530,.T.);
#2705=FACE_BOUND('',#2531,.T.);
#2706=FACE_BOUND('',#2532,.T.);
#2707=FACE_BOUND('',#2533,.T.);
#2708=FACE_BOUND('',#2534,.T.);
#2709=FACE_BOUND('',#2535,.T.);
#2710=FACE_BOUND('',#2536,.T.);
#2711=FACE_BOUND('',#2537,.T.);
#2712=FACE_BOUND('',#2538,.T.);
#2713=FACE_BOUND('',#2539,.T.);
#2714=FACE_BOUND('',#2540,.T.);
#2715=FACE_BOUND('',#2541,.T.);
#2716=FACE_BOUND('',#2542,.T.);
#2717=FACE_BOUND('',#2543,.T.);
#2718=FACE_BOUND('',#2544,.T.);
#2719=FACE_BOUND('',#2545,.T.);
#2720=FACE_BOUND('',#2546,.T.);
#2721=FACE_BOUND('',#2547,.T.);
#2722=FACE_BOUND('',#2548,.T.);
#2723=FACE_BOUND('',#2549,.T.);
#2724=FACE_BOUND('',#2550,.T.);
#2725=FACE_BOUND('',#2551,.T.);
#2726=FACE_BOUND('',#2552,.T.);
#2727=FACE_BOUND('',#2553,.T.);
#2728=FACE_BOUND('',#2554,.T.);
#2729=FACE_BOUND('',#2555,.T.);
#2730=FACE_BOUND('',#2556,.T.);
#2731=FACE_BOUND('',#2557,.T.);
#2732=FACE_BOUND('',#2558,.T.);
#2733=FACE_BOUND('',#2559,.T.);
#2734=FACE_BOUND('',#2560,.T.);
#2735=FACE_BOUND('',#2561,.T.);
#2736=FACE_BOUND('',#2562,.T.);
#2737=FACE_BOUND('',#2563,.T.);
#2738=FACE_BOUND('',#2564,.T.);
#2739=FACE_BOUND('',#2565,.T.);
#2740=FACE_BOUND('',#2566,.T.);
#2741=FACE_BOUND('',#2567,.T.);
#2742=FACE_BOUND('',#2568,.T.);
#2743=FACE_BOUND('',#2569,.T.);
#2744=FACE_BOUND('',#2570,.T.);
#2745=FACE_BOUND('',#2571,.T.);
#2746=FACE_BOUND('',#2572,.T.);
#2747=FACE_BOUND('',#2573,.T.);
#2748=FACE_BOUND('',#2574,.T.);
#2749=FACE_BOUND('',#2575,.T.);
#2750=FACE_BOUND('',#2576,.T.);
#2751=FACE_BOUND('',#2577,.T.);
#2752=FACE_BOUND('',#2578,.T.);
#2753=FACE_BOUND('',#2579,.T.);
#2754=FACE_BOUND('',#2580,.T.);
#2755=FACE_BOUND('',#2581,.T.);
#2756=FACE_BOUND('',#2582,.T.);
#2757=FACE_BOUND('',#2583,.T.);
#2758=FACE_BOUND('',#2584,.T.);
#2759=FACE_BOUND('',#2585,.T.);
#2760=FACE_BOUND('',#2586,.T.);
#2761=FACE_BOUND('',#2587,.T.);
#2762=FACE_BOUND('',#2588,.T.);
#2763=FACE_BOUND('',#2589,.T.);
#2764=FACE_BOUND('',#2590,.T.);
#2765=FACE_BOUND('',#2591,.T.);
#2766=FACE_BOUND('',#2592,.T.);
#2767=FACE_BOUND('',#2593,.T.);
#2768=FACE_BOUND('',#2594,.T.);
#2769=FACE_BOUND('',#2595,.T.);
#2770=FACE_BOUND('',#2596,.T.);
#2771=FACE_BOUND('',#2597,.T.);
#2772=FACE_BOUND('',#2598,.T.);
#2773=FACE_BOUND('',#2599,.T.);
#2774=FACE_BOUND('',#2600,.T.);
#2775=FACE_BOUND('',#2601,.T.);
#2776=FACE_BOUND('',#2602,.T.);
#2777=FACE_BOUND('',#2603,.T.);
#2778=FACE_BOUND('',#2604,.T.);
#2779=FACE_BOUND('',#2605,.T.);
#2780=FACE_BOUND('',#2606,.T.);
#2781=FACE_BOUND('',#2607,.T.);
#2782=FACE_BOUND('',#2608,.T.);
#2783=FACE_BOUND('',#2609,.T.);
#2784=FACE_BOUND('',#2610,.T.);
#2785=FACE_BOUND('',#2611,.T.);
#2786=FACE_BOUND('',#2612,.T.);
#2787=FACE_BOUND('',#2613,.T.);
#2788=FACE_BOUND('',#2614,.T.);
#2789=FACE_BOUND('',#2615,.T.);
#2790=FACE_BOUND('',#2616,.T.);
#2791=FACE_BOUND('',#2617,.T.);
#2792=FACE_BOUND('',#2618,.T.);
#2793=FACE_BOUND('',#2619,.T.);
#2794=FACE_BOUND('',#2620,.T.);
#2795=FACE_BOUND('',#2621,.T.);
#2796=FACE_BOUND('',#2622,.T.);
#2797=FACE_BOUND('',#2623,.T.);
#2798=FACE_BOUND('',#2624,.T.);
#2799=FACE_BOUND('',#2625,.T.);
#2800=FACE_BOUND('',#2626,.T.);
#2801=FACE_BOUND('',#2627,.T.);
#2802=FACE_BOUND('',#2628,.T.);
#2803=FACE_BOUND('',#2629,.T.);
#2804=FACE_BOUND('',#2630,.T.);
#2805=FACE_BOUND('',#2631,.T.);
#2806=FACE_BOUND('',#2632,.T.);
#2807=FACE_BOUND('',#2633,.T.);
#2808=FACE_BOUND('',#2634,.T.);
#2809=FACE_BOUND('',#2635,.T.);
#2810=FACE_BOUND('',#2636,.T.);
#2811=FACE_BOUND('',#2637,.T.);
#2812=FACE_BOUND('',#2638,.T.);
#2813=FACE_BOUND('',#2639,.T.);
#2814=FACE_BOUND('',#2640,.T.);
#2815=FACE_BOUND('',#2641,.T.);
#2816=FACE_BOUND('',#2642,.T.);
#2817=FACE_BOUND('',#2643,.T.);
#2818=FACE_BOUND('',#2644,.T.);
#2819=FACE_BOUND('',#2645,.T.);
#2820=FACE_BOUND('',#2646,.T.);
#2821=FACE_BOUND('',#2647,.T.);
#2822=FACE_BOUND('',#2648,.T.);
#2823=FACE_BOUND('',#2649,.T.);
#2824=FACE_BOUND('',#2650,.T.);
#2825=FACE_BOUND('',#2651,.T.);
#2826=FACE_BOUND('',#2652,.T.);
#2827=FACE_BOUND('',#2653,.T.);
#2828=FACE_BOUND('',#2654,.T.);
#2829=FACE_BOUND('',#2655,.T.);
#2830=FACE_BOUND('',#2656,.T.);
#2831=FACE_BOUND('',#2657,.T.);
#2832=FACE_BOUND('',#2658,.T.);
#2833=FACE_BOUND('',#2659,.T.);
#2834=FACE_BOUND('',#2660,.T.);
#2835=FACE_BOUND('',#2661,.T.);
#2836=FACE_BOUND('',#2662,.T.);
#2837=FACE_BOUND('',#2663,.T.);
#2838=FACE_BOUND('',#2664,.T.);
#2839=FACE_BOUND('',#2665,.T.);
#2840=FACE_BOUND('',#2666,.T.);
#2841=FACE_BOUND('',#2667,.T.);
#2842=FACE_BOUND('',#2668,.T.);
#2843=FACE_BOUND('',#2669,.T.);
#2844=FACE_BOUND('',#2670,.T.);
#2845=FACE_BOUND('',#2671,.T.);
#2846=FACE_BOUND('',#2672,.T.);
#2847=FACE_BOUND('',#2673,.T.);
#2848=FACE_BOUND('',#2674,.T.);
#2849=FACE_BOUND('',#2675,.T.);
#2850=FACE_BOUND('',#2676,.T.);
#2851=FACE_BOUND('',#2677,.T.);
#2852=PLANE('',#3946);
#2853=PLANE('',#3947);
#2854=PLANE('',#3948);
#2855=PLANE('',#3949);
#2856=PLANE('',#3956);
#2857=PLANE('',#3957);
#2858=PLANE('',#3958);
#2859=PLANE('',#3959);
#2860=PLANE('',#3966);
#2861=PLANE('',#3968);
#2862=PLANE('',#3969);
#2863=PLANE('',#3970);
#2864=PLANE('',#3971);
#2865=PLANE('',#3972);
#2866=PLANE('',#3973);
#2867=PLANE('',#3975);
#2868=PLANE('',#3976);
#2869=PLANE('',#3977);
#2870=PLANE('',#3979);
#2871=PLANE('',#3980);
#2872=PLANE('',#3981);
#2873=PLANE('',#3982);
#2874=PLANE('',#3984);
#2875=PLANE('',#3985);
#2876=PLANE('',#3987);
#2877=PLANE('',#3988);
#2878=PLANE('',#3989);
#2879=PLANE('',#3990);
#2880=PLANE('',#3991);
#2881=PLANE('',#3992);
#2882=PLANE('',#3993);
#2883=PLANE('',#3994);
#2884=PLANE('',#3995);
#2885=PLANE('',#3996);
#2886=PLANE('',#3997);
#2887=PLANE('',#3998);
#2888=PLANE('',#3999);
#2889=PLANE('',#4000);
#2890=PLANE('',#4001);
#2891=PLANE('',#4002);
#2892=PLANE('',#4003);
#2893=PLANE('',#4004);
#2894=PLANE('',#4005);
#2895=PLANE('',#4006);
#2896=PLANE('',#4007);
#2897=PLANE('',#4008);
#2898=PLANE('',#4009);
#2899=PLANE('',#4014);
#2900=PLANE('',#4021);
#2901=PLANE('',#4022);
#2902=PLANE('',#4025);
#2903=PLANE('',#4026);
#2904=PLANE('',#4027);
#2905=PLANE('',#4034);
#2906=PLANE('',#4035);
#2907=PLANE('',#4042);
#2908=PLANE('',#4043);
#2909=PLANE('',#4044);
#2910=PLANE('',#4045);
#2911=PLANE('',#4046);
#2912=PLANE('',#4053);
#2913=PLANE('',#4054);
#2914=PLANE('',#4061);
#2915=PLANE('',#4062);
#2916=PLANE('',#4063);
#2917=PLANE('',#4064);
#2918=PLANE('',#4065);
#2919=PLANE('',#4066);
#2920=PLANE('',#4071);
#2921=PLANE('',#4078);
#2922=PLANE('',#4079);
#2923=PLANE('',#4082);
#2924=PLANE('',#4083);
#2925=PLANE('',#4084);
#2926=PLANE('',#4085);
#2927=PLANE('',#4086);
#2928=PLANE('',#4087);
#2929=PLANE('',#4088);
#2930=PLANE('',#4089);
#2931=PLANE('',#4090);
#2932=PLANE('',#4091);
#2933=PLANE('',#4092);
#2934=PLANE('',#4093);
#2935=PLANE('',#4095);
#2936=PLANE('',#4103);
#2937=PLANE('',#4106);
#2938=PLANE('',#4107);
#2939=PLANE('',#4108);
#2940=PLANE('',#4109);
#2941=PLANE('',#4111);
#2942=PLANE('',#4112);
#2943=PLANE('',#4113);
#2944=PLANE('',#4118);
#2945=PLANE('',#4123);
#2946=PLANE('',#4125);
#2947=PLANE('',#4128);
#2948=PLANE('',#4133);
#2949=PLANE('',#4134);
#2950=PLANE('',#4135);
#2951=PLANE('',#4136);
#2952=PLANE('',#4137);
#2953=PLANE('',#4140);
#2954=PLANE('',#4144);
#2955=PLANE('',#4148);
#2956=PLANE('',#4149);
#2957=PLANE('',#4150);
#2958=PLANE('',#4151);
#2959=PLANE('',#4156);
#2960=PLANE('',#4161);
#2961=PLANE('',#4162);
#2962=PLANE('',#4163);
#2963=PLANE('',#4164);
#2964=PLANE('',#4165);
#2965=PLANE('',#4168);
#2966=PLANE('',#4172);
#2967=PLANE('',#4176);
#2968=PLANE('',#4177);
#2969=PLANE('',#4178);
#2970=PLANE('',#4179);
#2971=STYLED_ITEM('',(#3085),#3771);
#2972=STYLED_ITEM('',(#3086),#3772);
#2973=STYLED_ITEM('',(#3087),#3773);
#2974=STYLED_ITEM('',(#3088),#3774);
#2975=STYLED_ITEM('',(#3089),#3775);
#2976=STYLED_ITEM('',(#3090),#3776);
#2977=STYLED_ITEM('',(#3091),#3777);
#2978=STYLED_ITEM('',(#3092),#3778);
#2979=STYLED_ITEM('',(#3093),#3779);
#2980=STYLED_ITEM('',(#3094),#3780);
#2981=STYLED_ITEM('',(#3095),#3781);
#2982=STYLED_ITEM('',(#3096),#3782);
#2983=STYLED_ITEM('',(#3097),#3783);
#2984=STYLED_ITEM('',(#3098),#3784);
#2985=STYLED_ITEM('',(#3099),#3785);
#2986=STYLED_ITEM('',(#3100),#3786);
#2987=STYLED_ITEM('',(#3101),#3787);
#2988=STYLED_ITEM('',(#3102),#3788);
#2989=STYLED_ITEM('',(#3103),#3789);
#2990=STYLED_ITEM('',(#3104),#3790);
#2991=STYLED_ITEM('',(#3105),#3791);
#2992=STYLED_ITEM('',(#3106),#3792);
#2993=STYLED_ITEM('',(#3107),#3793);
#2994=STYLED_ITEM('',(#3108),#3794);
#2995=STYLED_ITEM('',(#3109),#3795);
#2996=STYLED_ITEM('',(#3110),#3796);
#2997=STYLED_ITEM('',(#3111),#3797);
#2998=STYLED_ITEM('',(#3112),#3798);
#2999=STYLED_ITEM('',(#3113),#3799);
#3000=STYLED_ITEM('',(#3114),#3800);
#3001=STYLED_ITEM('',(#3115),#3801);
#3002=STYLED_ITEM('',(#3116),#3802);
#3003=STYLED_ITEM('',(#3117),#3803);
#3004=STYLED_ITEM('',(#3118),#3804);
#3005=STYLED_ITEM('',(#3119),#3805);
#3006=STYLED_ITEM('',(#3120),#3806);
#3007=STYLED_ITEM('',(#3121),#3807);
#3008=STYLED_ITEM('',(#3122),#3808);
#3009=STYLED_ITEM('',(#3123),#3809);
#3010=STYLED_ITEM('',(#3124),#3810);
#3011=STYLED_ITEM('',(#3125),#3811);
#3012=STYLED_ITEM('',(#3126),#3812);
#3013=STYLED_ITEM('',(#3127),#3813);
#3014=STYLED_ITEM('',(#3128),#3814);
#3015=STYLED_ITEM('',(#3129),#3815);
#3016=STYLED_ITEM('',(#3130),#3816);
#3017=STYLED_ITEM('',(#3131),#3817);
#3018=STYLED_ITEM('',(#3132),#3818);
#3019=STYLED_ITEM('',(#3133),#3819);
#3020=STYLED_ITEM('',(#3134),#3820);
#3021=STYLED_ITEM('',(#3135),#3821);
#3022=STYLED_ITEM('',(#3136),#3822);
#3023=STYLED_ITEM('',(#3137),#3823);
#3024=STYLED_ITEM('',(#3138),#3824);
#3025=STYLED_ITEM('',(#3139),#3825);
#3026=STYLED_ITEM('',(#3140),#3826);
#3027=STYLED_ITEM('',(#3141),#3827);
#3028=STYLED_ITEM('',(#3142),#3828);
#3029=STYLED_ITEM('',(#3143),#3829);
#3030=STYLED_ITEM('',(#3144),#3830);
#3031=STYLED_ITEM('',(#3145),#3831);
#3032=STYLED_ITEM('',(#3146),#3832);
#3033=STYLED_ITEM('',(#3147),#3833);
#3034=STYLED_ITEM('',(#3148),#3834);
#3035=STYLED_ITEM('',(#3149),#3835);
#3036=STYLED_ITEM('',(#3150),#3836);
#3037=STYLED_ITEM('',(#3151),#3837);
#3038=STYLED_ITEM('',(#3152),#3838);
#3039=STYLED_ITEM('',(#3153),#3839);
#3040=STYLED_ITEM('',(#3154),#3840);
#3041=STYLED_ITEM('',(#3155),#3841);
#3042=STYLED_ITEM('',(#3156),#3842);
#3043=STYLED_ITEM('',(#3157),#3843);
#3044=STYLED_ITEM('',(#3158),#3844);
#3045=STYLED_ITEM('',(#3159),#3845);
#3046=STYLED_ITEM('',(#3160),#3846);
#3047=STYLED_ITEM('',(#3161),#3847);
#3048=STYLED_ITEM('',(#3162),#3848);
#3049=STYLED_ITEM('',(#3163),#3849);
#3050=STYLED_ITEM('',(#3164),#3850);
#3051=STYLED_ITEM('',(#3165),#3851);
#3052=STYLED_ITEM('',(#3166),#3852);
#3053=STYLED_ITEM('',(#3167),#3853);
#3054=STYLED_ITEM('',(#3168),#3854);
#3055=STYLED_ITEM('',(#3169),#3855);
#3056=STYLED_ITEM('',(#3170),#3856);
#3057=STYLED_ITEM('',(#3171),#3857);
#3058=STYLED_ITEM('',(#3172),#3858);
#3059=STYLED_ITEM('',(#3173),#3859);
#3060=STYLED_ITEM('',(#3174),#3860);
#3061=STYLED_ITEM('',(#3175),#3861);
#3062=STYLED_ITEM('',(#3176),#3862);
#3063=STYLED_ITEM('',(#3177),#3863);
#3064=STYLED_ITEM('',(#3178),#3864);
#3065=STYLED_ITEM('',(#3179),#3865);
#3066=STYLED_ITEM('',(#3180),#3866);
#3067=STYLED_ITEM('',(#3181),#3867);
#3068=STYLED_ITEM('',(#3182),#3868);
#3069=STYLED_ITEM('',(#3183),#3869);
#3070=STYLED_ITEM('',(#3184),#3870);
#3071=STYLED_ITEM('',(#3185),#3871);
#3072=STYLED_ITEM('',(#3186),#3872);
#3073=STYLED_ITEM('',(#3187),#3873);
#3074=STYLED_ITEM('',(#3188),#3874);
#3075=STYLED_ITEM('',(#3189),#3875);
#3076=STYLED_ITEM('',(#3190),#3876);
#3077=STYLED_ITEM('',(#3191),#3877);
#3078=STYLED_ITEM('',(#3192),#3878);
#3079=STYLED_ITEM('',(#3193),#3879);
#3080=STYLED_ITEM('',(#3194),#3880);
#3081=STYLED_ITEM('',(#3195),#3881);
#3082=STYLED_ITEM('',(#3196),#3882);
#3083=STYLED_ITEM('',(#3197),#3883);
#3084=STYLED_ITEM('',(#3198),#3938);
#3085=PRESENTATION_STYLE_ASSIGNMENT((#3199));
#3086=PRESENTATION_STYLE_ASSIGNMENT((#3200));
#3087=PRESENTATION_STYLE_ASSIGNMENT((#3201));
#3088=PRESENTATION_STYLE_ASSIGNMENT((#3202));
#3089=PRESENTATION_STYLE_ASSIGNMENT((#3203));
#3090=PRESENTATION_STYLE_ASSIGNMENT((#3204));
#3091=PRESENTATION_STYLE_ASSIGNMENT((#3205));
#3092=PRESENTATION_STYLE_ASSIGNMENT((#3206));
#3093=PRESENTATION_STYLE_ASSIGNMENT((#3207));
#3094=PRESENTATION_STYLE_ASSIGNMENT((#3208));
#3095=PRESENTATION_STYLE_ASSIGNMENT((#3209));
#3096=PRESENTATION_STYLE_ASSIGNMENT((#3210));
#3097=PRESENTATION_STYLE_ASSIGNMENT((#3211));
#3098=PRESENTATION_STYLE_ASSIGNMENT((#3212));
#3099=PRESENTATION_STYLE_ASSIGNMENT((#3213));
#3100=PRESENTATION_STYLE_ASSIGNMENT((#3214));
#3101=PRESENTATION_STYLE_ASSIGNMENT((#3215));
#3102=PRESENTATION_STYLE_ASSIGNMENT((#3216));
#3103=PRESENTATION_STYLE_ASSIGNMENT((#3217));
#3104=PRESENTATION_STYLE_ASSIGNMENT((#3218));
#3105=PRESENTATION_STYLE_ASSIGNMENT((#3219));
#3106=PRESENTATION_STYLE_ASSIGNMENT((#3220));
#3107=PRESENTATION_STYLE_ASSIGNMENT((#3221));
#3108=PRESENTATION_STYLE_ASSIGNMENT((#3222));
#3109=PRESENTATION_STYLE_ASSIGNMENT((#3223));
#3110=PRESENTATION_STYLE_ASSIGNMENT((#3224));
#3111=PRESENTATION_STYLE_ASSIGNMENT((#3225));
#3112=PRESENTATION_STYLE_ASSIGNMENT((#3226));
#3113=PRESENTATION_STYLE_ASSIGNMENT((#3227));
#3114=PRESENTATION_STYLE_ASSIGNMENT((#3228));
#3115=PRESENTATION_STYLE_ASSIGNMENT((#3229));
#3116=PRESENTATION_STYLE_ASSIGNMENT((#3230));
#3117=PRESENTATION_STYLE_ASSIGNMENT((#3231));
#3118=PRESENTATION_STYLE_ASSIGNMENT((#3232));
#3119=PRESENTATION_STYLE_ASSIGNMENT((#3233));
#3120=PRESENTATION_STYLE_ASSIGNMENT((#3234));
#3121=PRESENTATION_STYLE_ASSIGNMENT((#3235));
#3122=PRESENTATION_STYLE_ASSIGNMENT((#3236));
#3123=PRESENTATION_STYLE_ASSIGNMENT((#3237));
#3124=PRESENTATION_STYLE_ASSIGNMENT((#3238));
#3125=PRESENTATION_STYLE_ASSIGNMENT((#3239));
#3126=PRESENTATION_STYLE_ASSIGNMENT((#3240));
#3127=PRESENTATION_STYLE_ASSIGNMENT((#3241));
#3128=PRESENTATION_STYLE_ASSIGNMENT((#3242));
#3129=PRESENTATION_STYLE_ASSIGNMENT((#3243));
#3130=PRESENTATION_STYLE_ASSIGNMENT((#3244));
#3131=PRESENTATION_STYLE_ASSIGNMENT((#3245));
#3132=PRESENTATION_STYLE_ASSIGNMENT((#3246));
#3133=PRESENTATION_STYLE_ASSIGNMENT((#3247));
#3134=PRESENTATION_STYLE_ASSIGNMENT((#3248));
#3135=PRESENTATION_STYLE_ASSIGNMENT((#3249));
#3136=PRESENTATION_STYLE_ASSIGNMENT((#3250));
#3137=PRESENTATION_STYLE_ASSIGNMENT((#3251));
#3138=PRESENTATION_STYLE_ASSIGNMENT((#3252));
#3139=PRESENTATION_STYLE_ASSIGNMENT((#3253));
#3140=PRESENTATION_STYLE_ASSIGNMENT((#3254));
#3141=PRESENTATION_STYLE_ASSIGNMENT((#3255));
#3142=PRESENTATION_STYLE_ASSIGNMENT((#3256));
#3143=PRESENTATION_STYLE_ASSIGNMENT((#3257));
#3144=PRESENTATION_STYLE_ASSIGNMENT((#3258));
#3145=PRESENTATION_STYLE_ASSIGNMENT((#3259));
#3146=PRESENTATION_STYLE_ASSIGNMENT((#3260));
#3147=PRESENTATION_STYLE_ASSIGNMENT((#3261));
#3148=PRESENTATION_STYLE_ASSIGNMENT((#3262));
#3149=PRESENTATION_STYLE_ASSIGNMENT((#3263));
#3150=PRESENTATION_STYLE_ASSIGNMENT((#3264));
#3151=PRESENTATION_STYLE_ASSIGNMENT((#3265));
#3152=PRESENTATION_STYLE_ASSIGNMENT((#3266));
#3153=PRESENTATION_STYLE_ASSIGNMENT((#3267));
#3154=PRESENTATION_STYLE_ASSIGNMENT((#3268));
#3155=PRESENTATION_STYLE_ASSIGNMENT((#3269));
#3156=PRESENTATION_STYLE_ASSIGNMENT((#3270));
#3157=PRESENTATION_STYLE_ASSIGNMENT((#3271));
#3158=PRESENTATION_STYLE_ASSIGNMENT((#3272));
#3159=PRESENTATION_STYLE_ASSIGNMENT((#3273));
#3160=PRESENTATION_STYLE_ASSIGNMENT((#3274));
#3161=PRESENTATION_STYLE_ASSIGNMENT((#3275));
#3162=PRESENTATION_STYLE_ASSIGNMENT((#3276));
#3163=PRESENTATION_STYLE_ASSIGNMENT((#3277));
#3164=PRESENTATION_STYLE_ASSIGNMENT((#3278));
#3165=PRESENTATION_STYLE_ASSIGNMENT((#3279));
#3166=PRESENTATION_STYLE_ASSIGNMENT((#3280));
#3167=PRESENTATION_STYLE_ASSIGNMENT((#3281));
#3168=PRESENTATION_STYLE_ASSIGNMENT((#3282));
#3169=PRESENTATION_STYLE_ASSIGNMENT((#3283));
#3170=PRESENTATION_STYLE_ASSIGNMENT((#3284));
#3171=PRESENTATION_STYLE_ASSIGNMENT((#3285));
#3172=PRESENTATION_STYLE_ASSIGNMENT((#3286));
#3173=PRESENTATION_STYLE_ASSIGNMENT((#3287));
#3174=PRESENTATION_STYLE_ASSIGNMENT((#3288));
#3175=PRESENTATION_STYLE_ASSIGNMENT((#3289));
#3176=PRESENTATION_STYLE_ASSIGNMENT((#3290));
#3177=PRESENTATION_STYLE_ASSIGNMENT((#3291));
#3178=PRESENTATION_STYLE_ASSIGNMENT((#3292));
#3179=PRESENTATION_STYLE_ASSIGNMENT((#3293));
#3180=PRESENTATION_STYLE_ASSIGNMENT((#3294));
#3181=PRESENTATION_STYLE_ASSIGNMENT((#3295));
#3182=PRESENTATION_STYLE_ASSIGNMENT((#3296));
#3183=PRESENTATION_STYLE_ASSIGNMENT((#3297));
#3184=PRESENTATION_STYLE_ASSIGNMENT((#3298));
#3185=PRESENTATION_STYLE_ASSIGNMENT((#3299));
#3186=PRESENTATION_STYLE_ASSIGNMENT((#3300));
#3187=PRESENTATION_STYLE_ASSIGNMENT((#3301));
#3188=PRESENTATION_STYLE_ASSIGNMENT((#3302));
#3189=PRESENTATION_STYLE_ASSIGNMENT((#3303));
#3190=PRESENTATION_STYLE_ASSIGNMENT((#3304));
#3191=PRESENTATION_STYLE_ASSIGNMENT((#3305));
#3192=PRESENTATION_STYLE_ASSIGNMENT((#3306));
#3193=PRESENTATION_STYLE_ASSIGNMENT((#3307));
#3194=PRESENTATION_STYLE_ASSIGNMENT((#3308));
#3195=PRESENTATION_STYLE_ASSIGNMENT((#3309));
#3196=PRESENTATION_STYLE_ASSIGNMENT((#3310));
#3197=PRESENTATION_STYLE_ASSIGNMENT((#3311));
#3198=PRESENTATION_STYLE_ASSIGNMENT((#3312));
#3199=SURFACE_STYLE_USAGE(.BOTH.,#3313);
#3200=SURFACE_STYLE_USAGE(.BOTH.,#3314);
#3201=SURFACE_STYLE_USAGE(.BOTH.,#3315);
#3202=SURFACE_STYLE_USAGE(.BOTH.,#3316);
#3203=SURFACE_STYLE_USAGE(.BOTH.,#3317);
#3204=SURFACE_STYLE_USAGE(.BOTH.,#3318);
#3205=SURFACE_STYLE_USAGE(.BOTH.,#3319);
#3206=SURFACE_STYLE_USAGE(.BOTH.,#3320);
#3207=SURFACE_STYLE_USAGE(.BOTH.,#3321);
#3208=SURFACE_STYLE_USAGE(.BOTH.,#3322);
#3209=SURFACE_STYLE_USAGE(.BOTH.,#3323);
#3210=SURFACE_STYLE_USAGE(.BOTH.,#3324);
#3211=SURFACE_STYLE_USAGE(.BOTH.,#3325);
#3212=SURFACE_STYLE_USAGE(.BOTH.,#3326);
#3213=SURFACE_STYLE_USAGE(.BOTH.,#3327);
#3214=SURFACE_STYLE_USAGE(.BOTH.,#3328);
#3215=SURFACE_STYLE_USAGE(.BOTH.,#3329);
#3216=SURFACE_STYLE_USAGE(.BOTH.,#3330);
#3217=SURFACE_STYLE_USAGE(.BOTH.,#3331);
#3218=SURFACE_STYLE_USAGE(.BOTH.,#3332);
#3219=SURFACE_STYLE_USAGE(.BOTH.,#3333);
#3220=SURFACE_STYLE_USAGE(.BOTH.,#3334);
#3221=SURFACE_STYLE_USAGE(.BOTH.,#3335);
#3222=SURFACE_STYLE_USAGE(.BOTH.,#3336);
#3223=SURFACE_STYLE_USAGE(.BOTH.,#3337);
#3224=SURFACE_STYLE_USAGE(.BOTH.,#3338);
#3225=SURFACE_STYLE_USAGE(.BOTH.,#3339);
#3226=SURFACE_STYLE_USAGE(.BOTH.,#3340);
#3227=SURFACE_STYLE_USAGE(.BOTH.,#3341);
#3228=SURFACE_STYLE_USAGE(.BOTH.,#3342);
#3229=SURFACE_STYLE_USAGE(.BOTH.,#3343);
#3230=SURFACE_STYLE_USAGE(.BOTH.,#3344);
#3231=SURFACE_STYLE_USAGE(.BOTH.,#3345);
#3232=SURFACE_STYLE_USAGE(.BOTH.,#3346);
#3233=SURFACE_STYLE_USAGE(.BOTH.,#3347);
#3234=SURFACE_STYLE_USAGE(.BOTH.,#3348);
#3235=SURFACE_STYLE_USAGE(.BOTH.,#3349);
#3236=SURFACE_STYLE_USAGE(.BOTH.,#3350);
#3237=SURFACE_STYLE_USAGE(.BOTH.,#3351);
#3238=SURFACE_STYLE_USAGE(.BOTH.,#3352);
#3239=SURFACE_STYLE_USAGE(.BOTH.,#3353);
#3240=SURFACE_STYLE_USAGE(.BOTH.,#3354);
#3241=SURFACE_STYLE_USAGE(.BOTH.,#3355);
#3242=SURFACE_STYLE_USAGE(.BOTH.,#3356);
#3243=SURFACE_STYLE_USAGE(.BOTH.,#3357);
#3244=SURFACE_STYLE_USAGE(.BOTH.,#3358);
#3245=SURFACE_STYLE_USAGE(.BOTH.,#3359);
#3246=SURFACE_STYLE_USAGE(.BOTH.,#3360);
#3247=SURFACE_STYLE_USAGE(.BOTH.,#3361);
#3248=SURFACE_STYLE_USAGE(.BOTH.,#3362);
#3249=SURFACE_STYLE_USAGE(.BOTH.,#3363);
#3250=SURFACE_STYLE_USAGE(.BOTH.,#3364);
#3251=SURFACE_STYLE_USAGE(.BOTH.,#3365);
#3252=SURFACE_STYLE_USAGE(.BOTH.,#3366);
#3253=SURFACE_STYLE_USAGE(.BOTH.,#3367);
#3254=SURFACE_STYLE_USAGE(.BOTH.,#3368);
#3255=SURFACE_STYLE_USAGE(.BOTH.,#3369);
#3256=SURFACE_STYLE_USAGE(.BOTH.,#3370);
#3257=SURFACE_STYLE_USAGE(.BOTH.,#3371);
#3258=SURFACE_STYLE_USAGE(.BOTH.,#3372);
#3259=SURFACE_STYLE_USAGE(.BOTH.,#3373);
#3260=SURFACE_STYLE_USAGE(.BOTH.,#3374);
#3261=SURFACE_STYLE_USAGE(.BOTH.,#3375);
#3262=SURFACE_STYLE_USAGE(.BOTH.,#3376);
#3263=SURFACE_STYLE_USAGE(.BOTH.,#3377);
#3264=SURFACE_STYLE_USAGE(.BOTH.,#3378);
#3265=SURFACE_STYLE_USAGE(.BOTH.,#3379);
#3266=SURFACE_STYLE_USAGE(.BOTH.,#3380);
#3267=SURFACE_STYLE_USAGE(.BOTH.,#3381);
#3268=SURFACE_STYLE_USAGE(.BOTH.,#3382);
#3269=SURFACE_STYLE_USAGE(.BOTH.,#3383);
#3270=SURFACE_STYLE_USAGE(.BOTH.,#3384);
#3271=SURFACE_STYLE_USAGE(.BOTH.,#3385);
#3272=SURFACE_STYLE_USAGE(.BOTH.,#3386);
#3273=SURFACE_STYLE_USAGE(.BOTH.,#3387);
#3274=SURFACE_STYLE_USAGE(.BOTH.,#3388);
#3275=SURFACE_STYLE_USAGE(.BOTH.,#3389);
#3276=SURFACE_STYLE_USAGE(.BOTH.,#3390);
#3277=SURFACE_STYLE_USAGE(.BOTH.,#3391);
#3278=SURFACE_STYLE_USAGE(.BOTH.,#3392);
#3279=SURFACE_STYLE_USAGE(.BOTH.,#3393);
#3280=SURFACE_STYLE_USAGE(.BOTH.,#3394);
#3281=SURFACE_STYLE_USAGE(.BOTH.,#3395);
#3282=SURFACE_STYLE_USAGE(.BOTH.,#3396);
#3283=SURFACE_STYLE_USAGE(.BOTH.,#3397);
#3284=SURFACE_STYLE_USAGE(.BOTH.,#3398);
#3285=SURFACE_STYLE_USAGE(.BOTH.,#3399);
#3286=SURFACE_STYLE_USAGE(.BOTH.,#3400);
#3287=SURFACE_STYLE_USAGE(.BOTH.,#3401);
#3288=SURFACE_STYLE_USAGE(.BOTH.,#3402);
#3289=SURFACE_STYLE_USAGE(.BOTH.,#3403);
#3290=SURFACE_STYLE_USAGE(.BOTH.,#3404);
#3291=SURFACE_STYLE_USAGE(.BOTH.,#3405);
#3292=SURFACE_STYLE_USAGE(.BOTH.,#3406);
#3293=SURFACE_STYLE_USAGE(.BOTH.,#3407);
#3294=SURFACE_STYLE_USAGE(.BOTH.,#3408);
#3295=SURFACE_STYLE_USAGE(.BOTH.,#3409);
#3296=SURFACE_STYLE_USAGE(.BOTH.,#3410);
#3297=SURFACE_STYLE_USAGE(.BOTH.,#3411);
#3298=SURFACE_STYLE_USAGE(.BOTH.,#3412);
#3299=SURFACE_STYLE_USAGE(.BOTH.,#3413);
#3300=SURFACE_STYLE_USAGE(.BOTH.,#3414);
#3301=SURFACE_STYLE_USAGE(.BOTH.,#3415);
#3302=SURFACE_STYLE_USAGE(.BOTH.,#3416);
#3303=SURFACE_STYLE_USAGE(.BOTH.,#3417);
#3304=SURFACE_STYLE_USAGE(.BOTH.,#3418);
#3305=SURFACE_STYLE_USAGE(.BOTH.,#3419);
#3306=SURFACE_STYLE_USAGE(.BOTH.,#3420);
#3307=SURFACE_STYLE_USAGE(.BOTH.,#3421);
#3308=SURFACE_STYLE_USAGE(.BOTH.,#3422);
#3309=SURFACE_STYLE_USAGE(.BOTH.,#3423);
#3310=SURFACE_STYLE_USAGE(.BOTH.,#3424);
#3311=SURFACE_STYLE_USAGE(.BOTH.,#3425);
#3312=SURFACE_STYLE_USAGE(.BOTH.,#3426);
#3313=SURFACE_SIDE_STYLE('',(#3427));
#3314=SURFACE_SIDE_STYLE('',(#3428));
#3315=SURFACE_SIDE_STYLE('',(#3429));
#3316=SURFACE_SIDE_STYLE('',(#3430));
#3317=SURFACE_SIDE_STYLE('',(#3431));
#3318=SURFACE_SIDE_STYLE('',(#3432));
#3319=SURFACE_SIDE_STYLE('',(#3433));
#3320=SURFACE_SIDE_STYLE('',(#3434));
#3321=SURFACE_SIDE_STYLE('',(#3435));
#3322=SURFACE_SIDE_STYLE('',(#3436));
#3323=SURFACE_SIDE_STYLE('',(#3437));
#3324=SURFACE_SIDE_STYLE('',(#3438));
#3325=SURFACE_SIDE_STYLE('',(#3439));
#3326=SURFACE_SIDE_STYLE('',(#3440));
#3327=SURFACE_SIDE_STYLE('',(#3441));
#3328=SURFACE_SIDE_STYLE('',(#3442));
#3329=SURFACE_SIDE_STYLE('',(#3443));
#3330=SURFACE_SIDE_STYLE('',(#3444));
#3331=SURFACE_SIDE_STYLE('',(#3445));
#3332=SURFACE_SIDE_STYLE('',(#3446));
#3333=SURFACE_SIDE_STYLE('',(#3447));
#3334=SURFACE_SIDE_STYLE('',(#3448));
#3335=SURFACE_SIDE_STYLE('',(#3449));
#3336=SURFACE_SIDE_STYLE('',(#3450));
#3337=SURFACE_SIDE_STYLE('',(#3451));
#3338=SURFACE_SIDE_STYLE('',(#3452));
#3339=SURFACE_SIDE_STYLE('',(#3453));
#3340=SURFACE_SIDE_STYLE('',(#3454));
#3341=SURFACE_SIDE_STYLE('',(#3455));
#3342=SURFACE_SIDE_STYLE('',(#3456));
#3343=SURFACE_SIDE_STYLE('',(#3457));
#3344=SURFACE_SIDE_STYLE('',(#3458));
#3345=SURFACE_SIDE_STYLE('',(#3459));
#3346=SURFACE_SIDE_STYLE('',(#3460));
#3347=SURFACE_SIDE_STYLE('',(#3461));
#3348=SURFACE_SIDE_STYLE('',(#3462));
#3349=SURFACE_SIDE_STYLE('',(#3463));
#3350=SURFACE_SIDE_STYLE('',(#3464));
#3351=SURFACE_SIDE_STYLE('',(#3465));
#3352=SURFACE_SIDE_STYLE('',(#3466));
#3353=SURFACE_SIDE_STYLE('',(#3467));
#3354=SURFACE_SIDE_STYLE('',(#3468));
#3355=SURFACE_SIDE_STYLE('',(#3469));
#3356=SURFACE_SIDE_STYLE('',(#3470));
#3357=SURFACE_SIDE_STYLE('',(#3471));
#3358=SURFACE_SIDE_STYLE('',(#3472));
#3359=SURFACE_SIDE_STYLE('',(#3473));
#3360=SURFACE_SIDE_STYLE('',(#3474));
#3361=SURFACE_SIDE_STYLE('',(#3475));
#3362=SURFACE_SIDE_STYLE('',(#3476));
#3363=SURFACE_SIDE_STYLE('',(#3477));
#3364=SURFACE_SIDE_STYLE('',(#3478));
#3365=SURFACE_SIDE_STYLE('',(#3479));
#3366=SURFACE_SIDE_STYLE('',(#3480));
#3367=SURFACE_SIDE_STYLE('',(#3481));
#3368=SURFACE_SIDE_STYLE('',(#3482));
#3369=SURFACE_SIDE_STYLE('',(#3483));
#3370=SURFACE_SIDE_STYLE('',(#3484));
#3371=SURFACE_SIDE_STYLE('',(#3485));
#3372=SURFACE_SIDE_STYLE('',(#3486));
#3373=SURFACE_SIDE_STYLE('',(#3487));
#3374=SURFACE_SIDE_STYLE('',(#3488));
#3375=SURFACE_SIDE_STYLE('',(#3489));
#3376=SURFACE_SIDE_STYLE('',(#3490));
#3377=SURFACE_SIDE_STYLE('',(#3491));
#3378=SURFACE_SIDE_STYLE('',(#3492));
#3379=SURFACE_SIDE_STYLE('',(#3493));
#3380=SURFACE_SIDE_STYLE('',(#3494));
#3381=SURFACE_SIDE_STYLE('',(#3495));
#3382=SURFACE_SIDE_STYLE('',(#3496));
#3383=SURFACE_SIDE_STYLE('',(#3497));
#3384=SURFACE_SIDE_STYLE('',(#3498));
#3385=SURFACE_SIDE_STYLE('',(#3499));
#3386=SURFACE_SIDE_STYLE('',(#3500));
#3387=SURFACE_SIDE_STYLE('',(#3501));
#3388=SURFACE_SIDE_STYLE('',(#3502));
#3389=SURFACE_SIDE_STYLE('',(#3503));
#3390=SURFACE_SIDE_STYLE('',(#3504));
#3391=SURFACE_SIDE_STYLE('',(#3505));
#3392=SURFACE_SIDE_STYLE('',(#3506));
#3393=SURFACE_SIDE_STYLE('',(#3507));
#3394=SURFACE_SIDE_STYLE('',(#3508));
#3395=SURFACE_SIDE_STYLE('',(#3509));
#3396=SURFACE_SIDE_STYLE('',(#3510));
#3397=SURFACE_SIDE_STYLE('',(#3511));
#3398=SURFACE_SIDE_STYLE('',(#3512));
#3399=SURFACE_SIDE_STYLE('',(#3513));
#3400=SURFACE_SIDE_STYLE('',(#3514));
#3401=SURFACE_SIDE_STYLE('',(#3515));
#3402=SURFACE_SIDE_STYLE('',(#3516));
#3403=SURFACE_SIDE_STYLE('',(#3517));
#3404=SURFACE_SIDE_STYLE('',(#3518));
#3405=SURFACE_SIDE_STYLE('',(#3519));
#3406=SURFACE_SIDE_STYLE('',(#3520));
#3407=SURFACE_SIDE_STYLE('',(#3521));
#3408=SURFACE_SIDE_STYLE('',(#3522));
#3409=SURFACE_SIDE_STYLE('',(#3523));
#3410=SURFACE_SIDE_STYLE('',(#3524));
#3411=SURFACE_SIDE_STYLE('',(#3525));
#3412=SURFACE_SIDE_STYLE('',(#3526));
#3413=SURFACE_SIDE_STYLE('',(#3527));
#3414=SURFACE_SIDE_STYLE('',(#3528));
#3415=SURFACE_SIDE_STYLE('',(#3529));
#3416=SURFACE_SIDE_STYLE('',(#3530));
#3417=SURFACE_SIDE_STYLE('',(#3531));
#3418=SURFACE_SIDE_STYLE('',(#3532));
#3419=SURFACE_SIDE_STYLE('',(#3533));
#3420=SURFACE_SIDE_STYLE('',(#3534));
#3421=SURFACE_SIDE_STYLE('',(#3535));
#3422=SURFACE_SIDE_STYLE('',(#3536));
#3423=SURFACE_SIDE_STYLE('',(#3537));
#3424=SURFACE_SIDE_STYLE('',(#3538));
#3425=SURFACE_SIDE_STYLE('',(#3539));
#3426=SURFACE_SIDE_STYLE('',(#3540));
#3427=SURFACE_STYLE_FILL_AREA(#3541);
#3428=SURFACE_STYLE_FILL_AREA(#3542);
#3429=SURFACE_STYLE_FILL_AREA(#3543);
#3430=SURFACE_STYLE_FILL_AREA(#3544);
#3431=SURFACE_STYLE_FILL_AREA(#3545);
#3432=SURFACE_STYLE_FILL_AREA(#3546);
#3433=SURFACE_STYLE_FILL_AREA(#3547);
#3434=SURFACE_STYLE_FILL_AREA(#3548);
#3435=SURFACE_STYLE_FILL_AREA(#3549);
#3436=SURFACE_STYLE_FILL_AREA(#3550);
#3437=SURFACE_STYLE_FILL_AREA(#3551);
#3438=SURFACE_STYLE_FILL_AREA(#3552);
#3439=SURFACE_STYLE_FILL_AREA(#3553);
#3440=SURFACE_STYLE_FILL_AREA(#3554);
#3441=SURFACE_STYLE_FILL_AREA(#3555);
#3442=SURFACE_STYLE_FILL_AREA(#3556);
#3443=SURFACE_STYLE_FILL_AREA(#3557);
#3444=SURFACE_STYLE_FILL_AREA(#3558);
#3445=SURFACE_STYLE_FILL_AREA(#3559);
#3446=SURFACE_STYLE_FILL_AREA(#3560);
#3447=SURFACE_STYLE_FILL_AREA(#3561);
#3448=SURFACE_STYLE_FILL_AREA(#3562);
#3449=SURFACE_STYLE_FILL_AREA(#3563);
#3450=SURFACE_STYLE_FILL_AREA(#3564);
#3451=SURFACE_STYLE_FILL_AREA(#3565);
#3452=SURFACE_STYLE_FILL_AREA(#3566);
#3453=SURFACE_STYLE_FILL_AREA(#3567);
#3454=SURFACE_STYLE_FILL_AREA(#3568);
#3455=SURFACE_STYLE_FILL_AREA(#3569);
#3456=SURFACE_STYLE_FILL_AREA(#3570);
#3457=SURFACE_STYLE_FILL_AREA(#3571);
#3458=SURFACE_STYLE_FILL_AREA(#3572);
#3459=SURFACE_STYLE_FILL_AREA(#3573);
#3460=SURFACE_STYLE_FILL_AREA(#3574);
#3461=SURFACE_STYLE_FILL_AREA(#3575);
#3462=SURFACE_STYLE_FILL_AREA(#3576);
#3463=SURFACE_STYLE_FILL_AREA(#3577);
#3464=SURFACE_STYLE_FILL_AREA(#3578);
#3465=SURFACE_STYLE_FILL_AREA(#3579);
#3466=SURFACE_STYLE_FILL_AREA(#3580);
#3467=SURFACE_STYLE_FILL_AREA(#3581);
#3468=SURFACE_STYLE_FILL_AREA(#3582);
#3469=SURFACE_STYLE_FILL_AREA(#3583);
#3470=SURFACE_STYLE_FILL_AREA(#3584);
#3471=SURFACE_STYLE_FILL_AREA(#3585);
#3472=SURFACE_STYLE_FILL_AREA(#3586);
#3473=SURFACE_STYLE_FILL_AREA(#3587);
#3474=SURFACE_STYLE_FILL_AREA(#3588);
#3475=SURFACE_STYLE_FILL_AREA(#3589);
#3476=SURFACE_STYLE_FILL_AREA(#3590);
#3477=SURFACE_STYLE_FILL_AREA(#3591);
#3478=SURFACE_STYLE_FILL_AREA(#3592);
#3479=SURFACE_STYLE_FILL_AREA(#3593);
#3480=SURFACE_STYLE_FILL_AREA(#3594);
#3481=SURFACE_STYLE_FILL_AREA(#3595);
#3482=SURFACE_STYLE_FILL_AREA(#3596);
#3483=SURFACE_STYLE_FILL_AREA(#3597);
#3484=SURFACE_STYLE_FILL_AREA(#3598);
#3485=SURFACE_STYLE_FILL_AREA(#3599);
#3486=SURFACE_STYLE_FILL_AREA(#3600);
#3487=SURFACE_STYLE_FILL_AREA(#3601);
#3488=SURFACE_STYLE_FILL_AREA(#3602);
#3489=SURFACE_STYLE_FILL_AREA(#3603);
#3490=SURFACE_STYLE_FILL_AREA(#3604);
#3491=SURFACE_STYLE_FILL_AREA(#3605);
#3492=SURFACE_STYLE_FILL_AREA(#3606);
#3493=SURFACE_STYLE_FILL_AREA(#3607);
#3494=SURFACE_STYLE_FILL_AREA(#3608);
#3495=SURFACE_STYLE_FILL_AREA(#3609);
#3496=SURFACE_STYLE_FILL_AREA(#3610);
#3497=SURFACE_STYLE_FILL_AREA(#3611);
#3498=SURFACE_STYLE_FILL_AREA(#3612);
#3499=SURFACE_STYLE_FILL_AREA(#3613);
#3500=SURFACE_STYLE_FILL_AREA(#3614);
#3501=SURFACE_STYLE_FILL_AREA(#3615);
#3502=SURFACE_STYLE_FILL_AREA(#3616);
#3503=SURFACE_STYLE_FILL_AREA(#3617);
#3504=SURFACE_STYLE_FILL_AREA(#3618);
#3505=SURFACE_STYLE_FILL_AREA(#3619);
#3506=SURFACE_STYLE_FILL_AREA(#3620);
#3507=SURFACE_STYLE_FILL_AREA(#3621);
#3508=SURFACE_STYLE_FILL_AREA(#3622);
#3509=SURFACE_STYLE_FILL_AREA(#3623);
#3510=SURFACE_STYLE_FILL_AREA(#3624);
#3511=SURFACE_STYLE_FILL_AREA(#3625);
#3512=SURFACE_STYLE_FILL_AREA(#3626);
#3513=SURFACE_STYLE_FILL_AREA(#3627);
#3514=SURFACE_STYLE_FILL_AREA(#3628);
#3515=SURFACE_STYLE_FILL_AREA(#3629);
#3516=SURFACE_STYLE_FILL_AREA(#3630);
#3517=SURFACE_STYLE_FILL_AREA(#3631);
#3518=SURFACE_STYLE_FILL_AREA(#3632);
#3519=SURFACE_STYLE_FILL_AREA(#3633);
#3520=SURFACE_STYLE_FILL_AREA(#3634);
#3521=SURFACE_STYLE_FILL_AREA(#3635);
#3522=SURFACE_STYLE_FILL_AREA(#3636);
#3523=SURFACE_STYLE_FILL_AREA(#3637);
#3524=SURFACE_STYLE_FILL_AREA(#3638);
#3525=SURFACE_STYLE_FILL_AREA(#3639);
#3526=SURFACE_STYLE_FILL_AREA(#3640);
#3527=SURFACE_STYLE_FILL_AREA(#3641);
#3528=SURFACE_STYLE_FILL_AREA(#3642);
#3529=SURFACE_STYLE_FILL_AREA(#3643);
#3530=SURFACE_STYLE_FILL_AREA(#3644);
#3531=SURFACE_STYLE_FILL_AREA(#3645);
#3532=SURFACE_STYLE_FILL_AREA(#3646);
#3533=SURFACE_STYLE_FILL_AREA(#3647);
#3534=SURFACE_STYLE_FILL_AREA(#3648);
#3535=SURFACE_STYLE_FILL_AREA(#3649);
#3536=SURFACE_STYLE_FILL_AREA(#3650);
#3537=SURFACE_STYLE_FILL_AREA(#3651);
#3538=SURFACE_STYLE_FILL_AREA(#3652);
#3539=SURFACE_STYLE_FILL_AREA(#3653);
#3540=SURFACE_STYLE_FILL_AREA(#3654);
#3541=FILL_AREA_STYLE('',(#3655));
#3542=FILL_AREA_STYLE('',(#3656));
#3543=FILL_AREA_STYLE('',(#3657));
#3544=FILL_AREA_STYLE('',(#3658));
#3545=FILL_AREA_STYLE('',(#3659));
#3546=FILL_AREA_STYLE('',(#3660));
#3547=FILL_AREA_STYLE('',(#3661));
#3548=FILL_AREA_STYLE('',(#3662));
#3549=FILL_AREA_STYLE('',(#3663));
#3550=FILL_AREA_STYLE('',(#3664));
#3551=FILL_AREA_STYLE('',(#3665));
#3552=FILL_AREA_STYLE('',(#3666));
#3553=FILL_AREA_STYLE('',(#3667));
#3554=FILL_AREA_STYLE('',(#3668));
#3555=FILL_AREA_STYLE('',(#3669));
#3556=FILL_AREA_STYLE('',(#3670));
#3557=FILL_AREA_STYLE('',(#3671));
#3558=FILL_AREA_STYLE('',(#3672));
#3559=FILL_AREA_STYLE('',(#3673));
#3560=FILL_AREA_STYLE('',(#3674));
#3561=FILL_AREA_STYLE('',(#3675));
#3562=FILL_AREA_STYLE('',(#3676));
#3563=FILL_AREA_STYLE('',(#3677));
#3564=FILL_AREA_STYLE('',(#3678));
#3565=FILL_AREA_STYLE('',(#3679));
#3566=FILL_AREA_STYLE('',(#3680));
#3567=FILL_AREA_STYLE('',(#3681));
#3568=FILL_AREA_STYLE('',(#3682));
#3569=FILL_AREA_STYLE('',(#3683));
#3570=FILL_AREA_STYLE('',(#3684));
#3571=FILL_AREA_STYLE('',(#3685));
#3572=FILL_AREA_STYLE('',(#3686));
#3573=FILL_AREA_STYLE('',(#3687));
#3574=FILL_AREA_STYLE('',(#3688));
#3575=FILL_AREA_STYLE('',(#3689));
#3576=FILL_AREA_STYLE('',(#3690));
#3577=FILL_AREA_STYLE('',(#3691));
#3578=FILL_AREA_STYLE('',(#3692));
#3579=FILL_AREA_STYLE('',(#3693));
#3580=FILL_AREA_STYLE('',(#3694));
#3581=FILL_AREA_STYLE('',(#3695));
#3582=FILL_AREA_STYLE('',(#3696));
#3583=FILL_AREA_STYLE('',(#3697));
#3584=FILL_AREA_STYLE('',(#3698));
#3585=FILL_AREA_STYLE('',(#3699));
#3586=FILL_AREA_STYLE('',(#3700));
#3587=FILL_AREA_STYLE('',(#3701));
#3588=FILL_AREA_STYLE('',(#3702));
#3589=FILL_AREA_STYLE('',(#3703));
#3590=FILL_AREA_STYLE('',(#3704));
#3591=FILL_AREA_STYLE('',(#3705));
#3592=FILL_AREA_STYLE('',(#3706));
#3593=FILL_AREA_STYLE('',(#3707));
#3594=FILL_AREA_STYLE('',(#3708));
#3595=FILL_AREA_STYLE('',(#3709));
#3596=FILL_AREA_STYLE('',(#3710));
#3597=FILL_AREA_STYLE('',(#3711));
#3598=FILL_AREA_STYLE('',(#3712));
#3599=FILL_AREA_STYLE('',(#3713));
#3600=FILL_AREA_STYLE('',(#3714));
#3601=FILL_AREA_STYLE('',(#3715));
#3602=FILL_AREA_STYLE('',(#3716));
#3603=FILL_AREA_STYLE('',(#3717));
#3604=FILL_AREA_STYLE('',(#3718));
#3605=FILL_AREA_STYLE('',(#3719));
#3606=FILL_AREA_STYLE('',(#3720));
#3607=FILL_AREA_STYLE('',(#3721));
#3608=FILL_AREA_STYLE('',(#3722));
#3609=FILL_AREA_STYLE('',(#3723));
#3610=FILL_AREA_STYLE('',(#3724));
#3611=FILL_AREA_STYLE('',(#3725));
#3612=FILL_AREA_STYLE('',(#3726));
#3613=FILL_AREA_STYLE('',(#3727));
#3614=FILL_AREA_STYLE('',(#3728));
#3615=FILL_AREA_STYLE('',(#3729));
#3616=FILL_AREA_STYLE('',(#3730));
#3617=FILL_AREA_STYLE('',(#3731));
#3618=FILL_AREA_STYLE('',(#3732));
#3619=FILL_AREA_STYLE('',(#3733));
#3620=FILL_AREA_STYLE('',(#3734));
#3621=FILL_AREA_STYLE('',(#3735));
#3622=FILL_AREA_STYLE('',(#3736));
#3623=FILL_AREA_STYLE('',(#3737));
#3624=FILL_AREA_STYLE('',(#3738));
#3625=FILL_AREA_STYLE('',(#3739));
#3626=FILL_AREA_STYLE('',(#3740));
#3627=FILL_AREA_STYLE('',(#3741));
#3628=FILL_AREA_STYLE('',(#3742));
#3629=FILL_AREA_STYLE('',(#3743));
#3630=FILL_AREA_STYLE('',(#3744));
#3631=FILL_AREA_STYLE('',(#3745));
#3632=FILL_AREA_STYLE('',(#3746));
#3633=FILL_AREA_STYLE('',(#3747));
#3634=FILL_AREA_STYLE('',(#3748));
#3635=FILL_AREA_STYLE('',(#3749));
#3636=FILL_AREA_STYLE('',(#3750));
#3637=FILL_AREA_STYLE('',(#3751));
#3638=FILL_AREA_STYLE('',(#3752));
#3639=FILL_AREA_STYLE('',(#3753));
#3640=FILL_AREA_STYLE('',(#3754));
#3641=FILL_AREA_STYLE('',(#3755));
#3642=FILL_AREA_STYLE('',(#3756));
#3643=FILL_AREA_STYLE('',(#3757));
#3644=FILL_AREA_STYLE('',(#3758));
#3645=FILL_AREA_STYLE('',(#3759));
#3646=FILL_AREA_STYLE('',(#3760));
#3647=FILL_AREA_STYLE('',(#3761));
#3648=FILL_AREA_STYLE('',(#3762));
#3649=FILL_AREA_STYLE('',(#3763));
#3650=FILL_AREA_STYLE('',(#3764));
#3651=FILL_AREA_STYLE('',(#3765));
#3652=FILL_AREA_STYLE('',(#3766));
#3653=FILL_AREA_STYLE('',(#3767));
#3654=FILL_AREA_STYLE('',(#3768));
#3655=FILL_AREA_STYLE_COLOUR('',#3769);
#3656=FILL_AREA_STYLE_COLOUR('',#3769);
#3657=FILL_AREA_STYLE_COLOUR('',#3769);
#3658=FILL_AREA_STYLE_COLOUR('',#3769);
#3659=FILL_AREA_STYLE_COLOUR('',#3769);
#3660=FILL_AREA_STYLE_COLOUR('',#3769);
#3661=FILL_AREA_STYLE_COLOUR('',#3769);
#3662=FILL_AREA_STYLE_COLOUR('',#3769);
#3663=FILL_AREA_STYLE_COLOUR('',#3769);
#3664=FILL_AREA_STYLE_COLOUR('',#3769);
#3665=FILL_AREA_STYLE_COLOUR('',#3769);
#3666=FILL_AREA_STYLE_COLOUR('',#3769);
#3667=FILL_AREA_STYLE_COLOUR('',#3769);
#3668=FILL_AREA_STYLE_COLOUR('',#3769);
#3669=FILL_AREA_STYLE_COLOUR('',#3769);
#3670=FILL_AREA_STYLE_COLOUR('',#3769);
#3671=FILL_AREA_STYLE_COLOUR('',#3769);
#3672=FILL_AREA_STYLE_COLOUR('',#3769);
#3673=FILL_AREA_STYLE_COLOUR('',#3769);
#3674=FILL_AREA_STYLE_COLOUR('',#3769);
#3675=FILL_AREA_STYLE_COLOUR('',#3769);
#3676=FILL_AREA_STYLE_COLOUR('',#3769);
#3677=FILL_AREA_STYLE_COLOUR('',#3769);
#3678=FILL_AREA_STYLE_COLOUR('',#3769);
#3679=FILL_AREA_STYLE_COLOUR('',#3769);
#3680=FILL_AREA_STYLE_COLOUR('',#3769);
#3681=FILL_AREA_STYLE_COLOUR('',#3769);
#3682=FILL_AREA_STYLE_COLOUR('',#3769);
#3683=FILL_AREA_STYLE_COLOUR('',#3769);
#3684=FILL_AREA_STYLE_COLOUR('',#3769);
#3685=FILL_AREA_STYLE_COLOUR('',#3769);
#3686=FILL_AREA_STYLE_COLOUR('',#3769);
#3687=FILL_AREA_STYLE_COLOUR('',#3769);
#3688=FILL_AREA_STYLE_COLOUR('',#3769);
#3689=FILL_AREA_STYLE_COLOUR('',#3769);
#3690=FILL_AREA_STYLE_COLOUR('',#3769);
#3691=FILL_AREA_STYLE_COLOUR('',#3769);
#3692=FILL_AREA_STYLE_COLOUR('',#3769);
#3693=FILL_AREA_STYLE_COLOUR('',#3769);
#3694=FILL_AREA_STYLE_COLOUR('',#3769);
#3695=FILL_AREA_STYLE_COLOUR('',#3769);
#3696=FILL_AREA_STYLE_COLOUR('',#3769);
#3697=FILL_AREA_STYLE_COLOUR('',#3769);
#3698=FILL_AREA_STYLE_COLOUR('',#3769);
#3699=FILL_AREA_STYLE_COLOUR('',#3769);
#3700=FILL_AREA_STYLE_COLOUR('',#3769);
#3701=FILL_AREA_STYLE_COLOUR('',#3769);
#3702=FILL_AREA_STYLE_COLOUR('',#3769);
#3703=FILL_AREA_STYLE_COLOUR('',#3770);
#3704=FILL_AREA_STYLE_COLOUR('',#3770);
#3705=FILL_AREA_STYLE_COLOUR('',#3770);
#3706=FILL_AREA_STYLE_COLOUR('',#3770);
#3707=FILL_AREA_STYLE_COLOUR('',#3770);
#3708=FILL_AREA_STYLE_COLOUR('',#3770);
#3709=FILL_AREA_STYLE_COLOUR('',#3770);
#3710=FILL_AREA_STYLE_COLOUR('',#3770);
#3711=FILL_AREA_STYLE_COLOUR('',#3770);
#3712=FILL_AREA_STYLE_COLOUR('',#3770);
#3713=FILL_AREA_STYLE_COLOUR('',#3770);
#3714=FILL_AREA_STYLE_COLOUR('',#3770);
#3715=FILL_AREA_STYLE_COLOUR('',#3770);
#3716=FILL_AREA_STYLE_COLOUR('',#3770);
#3717=FILL_AREA_STYLE_COLOUR('',#3770);
#3718=FILL_AREA_STYLE_COLOUR('',#3770);
#3719=FILL_AREA_STYLE_COLOUR('',#3770);
#3720=FILL_AREA_STYLE_COLOUR('',#3770);
#3721=FILL_AREA_STYLE_COLOUR('',#3770);
#3722=FILL_AREA_STYLE_COLOUR('',#3770);
#3723=FILL_AREA_STYLE_COLOUR('',#3770);
#3724=FILL_AREA_STYLE_COLOUR('',#3770);
#3725=FILL_AREA_STYLE_COLOUR('',#3770);
#3726=FILL_AREA_STYLE_COLOUR('',#3770);
#3727=FILL_AREA_STYLE_COLOUR('',#3770);
#3728=FILL_AREA_STYLE_COLOUR('',#3770);
#3729=FILL_AREA_STYLE_COLOUR('',#3770);
#3730=FILL_AREA_STYLE_COLOUR('',#3770);
#3731=FILL_AREA_STYLE_COLOUR('',#3770);
#3732=FILL_AREA_STYLE_COLOUR('',#3770);
#3733=FILL_AREA_STYLE_COLOUR('',#3770);
#3734=FILL_AREA_STYLE_COLOUR('',#3770);
#3735=FILL_AREA_STYLE_COLOUR('',#3770);
#3736=FILL_AREA_STYLE_COLOUR('',#3770);
#3737=FILL_AREA_STYLE_COLOUR('',#3770);
#3738=FILL_AREA_STYLE_COLOUR('',#3770);
#3739=FILL_AREA_STYLE_COLOUR('',#3770);
#3740=FILL_AREA_STYLE_COLOUR('',#3770);
#3741=FILL_AREA_STYLE_COLOUR('',#3770);
#3742=FILL_AREA_STYLE_COLOUR('',#3770);
#3743=FILL_AREA_STYLE_COLOUR('',#3770);
#3744=FILL_AREA_STYLE_COLOUR('',#3770);
#3745=FILL_AREA_STYLE_COLOUR('',#3770);
#3746=FILL_AREA_STYLE_COLOUR('',#3770);
#3747=FILL_AREA_STYLE_COLOUR('',#3769);
#3748=FILL_AREA_STYLE_COLOUR('',#3769);
#3749=FILL_AREA_STYLE_COLOUR('',#3769);
#3750=FILL_AREA_STYLE_COLOUR('',#3769);
#3751=FILL_AREA_STYLE_COLOUR('',#3769);
#3752=FILL_AREA_STYLE_COLOUR('',#3769);
#3753=FILL_AREA_STYLE_COLOUR('',#3769);
#3754=FILL_AREA_STYLE_COLOUR('',#3769);
#3755=FILL_AREA_STYLE_COLOUR('',#3769);
#3756=FILL_AREA_STYLE_COLOUR('',#3769);
#3757=FILL_AREA_STYLE_COLOUR('',#3769);
#3758=FILL_AREA_STYLE_COLOUR('',#3769);
#3759=FILL_AREA_STYLE_COLOUR('',#3769);
#3760=FILL_AREA_STYLE_COLOUR('',#3769);
#3761=FILL_AREA_STYLE_COLOUR('',#3769);
#3762=FILL_AREA_STYLE_COLOUR('',#3769);
#3763=FILL_AREA_STYLE_COLOUR('',#3769);
#3764=FILL_AREA_STYLE_COLOUR('',#3769);
#3765=FILL_AREA_STYLE_COLOUR('',#3769);
#3766=FILL_AREA_STYLE_COLOUR('',#3769);
#3767=FILL_AREA_STYLE_COLOUR('',#3769);
#3768=FILL_AREA_STYLE_COLOUR('',#3770);
#3769=COLOUR_RGB('',0.200000002980232,0.200000002980232,0.200000002980232);
#3770=COLOUR_RGB('',0.75,0.75,0.75);
#3771=ADVANCED_FACE('',(#2678),#2852,.T.);
#3772=ADVANCED_FACE('',(#2679),#2853,.T.);
#3773=ADVANCED_FACE('',(#2680),#2854,.T.);
#3774=ADVANCED_FACE('',(#2681),#2855,.T.);
#3775=ADVANCED_FACE('',(#2682),#47,.T.);
#3776=ADVANCED_FACE('',(#2683),#2856,.F.);
#3777=ADVANCED_FACE('',(#2684),#2857,.F.);
#3778=ADVANCED_FACE('',(#2685),#2858,.F.);
#3779=ADVANCED_FACE('',(#2686),#2859,.T.);
#3780=ADVANCED_FACE('',(#2687),#48,.T.);
#3781=ADVANCED_FACE('',(#2688,#2689),#2860,.T.);
#3782=ADVANCED_FACE('',(#2690),#2861,.F.);
#3783=ADVANCED_FACE('',(#2691),#2862,.T.);
#3784=ADVANCED_FACE('',(#2692),#2863,.T.);
#3785=ADVANCED_FACE('',(#2693),#2864,.T.);
#3786=ADVANCED_FACE('',(#2694),#2865,.T.);
#3787=ADVANCED_FACE('',(#2695),#2866,.T.);
#3788=ADVANCED_FACE('',(#2696),#2867,.T.);
#3789=ADVANCED_FACE('',(#2697),#2868,.T.);
#3790=ADVANCED_FACE('',(#2698),#2869,.F.);
#3791=ADVANCED_FACE('',(#2699),#2870,.F.);
#3792=ADVANCED_FACE('',(#2700),#2871,.F.);
#3793=ADVANCED_FACE('',(#2701),#2872,.T.);
#3794=ADVANCED_FACE('',(#2702),#2873,.T.);
#3795=ADVANCED_FACE('',(#2703),#2874,.T.);
#3796=ADVANCED_FACE('',(#2704),#2875,.F.);
#3797=ADVANCED_FACE('',(#2705),#2876,.F.);
#3798=ADVANCED_FACE('',(#2706),#2877,.F.);
#3799=ADVANCED_FACE('',(#2707),#2878,.F.);
#3800=ADVANCED_FACE('',(#2708),#2879,.F.);
#3801=ADVANCED_FACE('',(#2709),#2880,.F.);
#3802=ADVANCED_FACE('',(#2710,#2711),#2881,.F.);
#3803=ADVANCED_FACE('',(#2712,#2713),#2882,.F.);
#3804=ADVANCED_FACE('',(#2714),#2883,.F.);
#3805=ADVANCED_FACE('',(#2715),#2884,.T.);
#3806=ADVANCED_FACE('',(#2716),#2885,.T.);
#3807=ADVANCED_FACE('',(#2717),#2886,.T.);
#3808=ADVANCED_FACE('',(#2718),#2887,.F.);
#3809=ADVANCED_FACE('',(#2719),#2888,.F.);
#3810=ADVANCED_FACE('',(#2720),#2889,.F.);
#3811=ADVANCED_FACE('',(#2721,#2722),#2890,.T.);
#3812=ADVANCED_FACE('',(#2723),#2891,.T.);
#3813=ADVANCED_FACE('',(#2724),#2892,.T.);
#3814=ADVANCED_FACE('',(#2725),#2893,.T.);
#3815=ADVANCED_FACE('',(#2726),#2894,.F.);
#3816=ADVANCED_FACE('',(#2727),#2895,.F.);
#3817=ADVANCED_FACE('',(#2728),#2896,.F.);
#3818=ADVANCED_FACE('',(#2729,#2730),#2897,.T.);
#3819=ADVANCED_FACE('',(#2731),#2898,.F.);
#3820=ADVANCED_FACE('',(#2732),#2899,.F.);
#3821=ADVANCED_FACE('',(#2733),#49,.F.);
#3822=ADVANCED_FACE('',(#2734),#50,.T.);
#3823=ADVANCED_FACE('',(#2735),#2900,.F.);
#3824=ADVANCED_FACE('',(#2736),#2901,.F.);
#3825=ADVANCED_FACE('',(#2737),#51,.T.);
#3826=ADVANCED_FACE('',(#2738),#52,.F.);
#3827=ADVANCED_FACE('',(#2739),#2902,.F.);
#3828=ADVANCED_FACE('',(#2740),#2903,.F.);
#3829=ADVANCED_FACE('',(#2741),#2904,.F.);
#3830=ADVANCED_FACE('',(#2742),#53,.T.);
#3831=ADVANCED_FACE('',(#2743),#54,.F.);
#3832=ADVANCED_FACE('',(#2744),#2905,.T.);
#3833=ADVANCED_FACE('',(#2745),#2906,.T.);
#3834=ADVANCED_FACE('',(#2746),#55,.T.);
#3835=ADVANCED_FACE('',(#2747),#56,.F.);
#3836=ADVANCED_FACE('',(#2748),#2907,.T.);
#3837=ADVANCED_FACE('',(#2749),#2908,.T.);
#3838=ADVANCED_FACE('',(#2750),#2909,.T.);
#3839=ADVANCED_FACE('',(#2751),#2910,.T.);
#3840=ADVANCED_FACE('',(#2752),#2911,.T.);
#3841=ADVANCED_FACE('',(#2753),#57,.T.);
#3842=ADVANCED_FACE('',(#2754),#58,.F.);
#3843=ADVANCED_FACE('',(#2755),#2912,.T.);
#3844=ADVANCED_FACE('',(#2756),#2913,.T.);
#3845=ADVANCED_FACE('',(#2757),#59,.T.);
#3846=ADVANCED_FACE('',(#2758),#60,.F.);
#3847=ADVANCED_FACE('',(#2759),#2914,.T.);
#3848=ADVANCED_FACE('',(#2760),#2915,.T.);
#3849=ADVANCED_FACE('',(#2761),#2916,.T.);
#3850=ADVANCED_FACE('',(#2762),#2917,.T.);
#3851=ADVANCED_FACE('',(#2763),#2918,.T.);
#3852=ADVANCED_FACE('',(#2764),#2919,.F.);
#3853=ADVANCED_FACE('',(#2765),#2920,.F.);
#3854=ADVANCED_FACE('',(#2766),#61,.F.);
#3855=ADVANCED_FACE('',(#2767),#62,.T.);
#3856=ADVANCED_FACE('',(#2768),#2921,.F.);
#3857=ADVANCED_FACE('',(#2769),#2922,.F.);
#3858=ADVANCED_FACE('',(#2770),#63,.T.);
#3859=ADVANCED_FACE('',(#2771),#64,.F.);
#3860=ADVANCED_FACE('',(#2772),#2923,.F.);
#3861=ADVANCED_FACE('',(#2773),#2924,.F.);
#3862=ADVANCED_FACE('',(#2774),#2925,.F.);
#3863=ADVANCED_FACE('',(#2775),#2926,.T.);
#3864=ADVANCED_FACE('',(#2776),#2927,.T.);
#3865=ADVANCED_FACE('',(#2777),#2928,.T.);
#3866=ADVANCED_FACE('',(#2778),#2929,.T.);
#3867=ADVANCED_FACE('',(#2779),#2930,.T.);
#3868=ADVANCED_FACE('',(#2780),#2931,.T.);
#3869=ADVANCED_FACE('',(#2781),#2932,.T.);
#3870=ADVANCED_FACE('',(#2782),#2933,.T.);
#3871=ADVANCED_FACE('',(#2783),#2934,.F.);
#3872=ADVANCED_FACE('',(#2784),#2935,.F.);
#3873=ADVANCED_FACE('',(#2785),#65,.T.);
#3874=ADVANCED_FACE('',(#2786),#66,.T.);
#3875=ADVANCED_FACE('',(#2787),#67,.T.);
#3876=ADVANCED_FACE('',(#2788),#68,.T.);
#3877=ADVANCED_FACE('',(#2789,#2790),#69,.T.);
#3878=ADVANCED_FACE('',(#2791),#2936,.F.);
#3879=ADVANCED_FACE('',(#2792,#2793),#42,.T.);
#3880=ADVANCED_FACE('',(#2794),#2937,.T.);
#3881=ADVANCED_FACE('',(#2795),#2938,.F.);
#3882=ADVANCED_FACE('',(#2796),#2939,.T.);
#3883=ADVANCED_FACE('',(#2797),#2940,.F.);
#3884=ADVANCED_FACE('',(#2798),#2941,.T.);
#3885=ADVANCED_FACE('',(#2799),#2942,.T.);
#3886=ADVANCED_FACE('',(#2800),#2943,.F.);
#3887=ADVANCED_FACE('',(#2801),#2944,.T.);
#3888=ADVANCED_FACE('',(#2802,#2803),#2945,.T.);
#3889=ADVANCED_FACE('',(#2804,#2805),#2946,.F.);
#3890=ADVANCED_FACE('',(#2806,#2807),#70,.F.);
#3891=ADVANCED_FACE('',(#2808),#2947,.T.);
#3892=ADVANCED_FACE('',(#2809),#71,.T.);
#3893=ADVANCED_FACE('',(#2810),#72,.F.);
#3894=ADVANCED_FACE('',(#2811),#2948,.F.);
#3895=ADVANCED_FACE('',(#2812),#2949,.T.);
#3896=ADVANCED_FACE('',(#2813),#2950,.F.);
#3897=ADVANCED_FACE('',(#2814),#2951,.F.);
#3898=ADVANCED_FACE('',(#2815),#2952,.T.);
#3899=ADVANCED_FACE('',(#2816),#26,.T.);
#3900=ADVANCED_FACE('',(#2817),#27,.F.);
#3901=ADVANCED_FACE('',(#2818),#73,.F.);
#3902=ADVANCED_FACE('',(#2819),#74,.T.);
#3903=ADVANCED_FACE('',(#2820),#2953,.T.);
#3904=ADVANCED_FACE('',(#2821),#75,.F.);
#3905=ADVANCED_FACE('',(#2822),#2954,.F.);
#3906=ADVANCED_FACE('',(#2823),#76,.F.);
#3907=ADVANCED_FACE('',(#2824),#2955,.F.);
#3908=ADVANCED_FACE('',(#2825),#2956,.T.);
#3909=ADVANCED_FACE('',(#2826),#2957,.F.);
#3910=ADVANCED_FACE('',(#2827),#2958,.F.);
#3911=ADVANCED_FACE('',(#2828),#77,.T.);
#3912=ADVANCED_FACE('',(#2829),#78,.F.);
#3913=ADVANCED_FACE('',(#2830),#2959,.T.);
#3914=ADVANCED_FACE('',(#2831),#79,.T.);
#3915=ADVANCED_FACE('',(#2832),#80,.F.);
#3916=ADVANCED_FACE('',(#2833),#2960,.T.);
#3917=ADVANCED_FACE('',(#2834),#2961,.F.);
#3918=ADVANCED_FACE('',(#2835),#2962,.T.);
#3919=ADVANCED_FACE('',(#2836),#2963,.T.);
#3920=ADVANCED_FACE('',(#2837),#2964,.F.);
#3921=ADVANCED_FACE('',(#2838),#28,.F.);
#3922=ADVANCED_FACE('',(#2839),#29,.T.);
#3923=ADVANCED_FACE('',(#2840),#81,.T.);
#3924=ADVANCED_FACE('',(#2841),#82,.F.);
#3925=ADVANCED_FACE('',(#2842),#2965,.F.);
#3926=ADVANCED_FACE('',(#2843),#83,.F.);
#3927=ADVANCED_FACE('',(#2844),#2966,.F.);
#3928=ADVANCED_FACE('',(#2845),#84,.F.);
#3929=ADVANCED_FACE('',(#2846),#2967,.T.);
#3930=ADVANCED_FACE('',(#2847),#2968,.F.);
#3931=ADVANCED_FACE('',(#2848),#2969,.T.);
#3932=ADVANCED_FACE('',(#2849),#2970,.F.);
#3933=ADVANCED_FACE('',(#2850),#85,.T.);
#3934=ADVANCED_FACE('',(#2851),#86,.F.);
#3935=CLOSED_SHELL('',(#3771,#3772,#3773,#3774,#3775,#3776,#3777,#3778,
#3779,#3780,#3781,#3782,#3783,#3784,#3785,#3786,#3787,#3788,#3789,#3790,
#3791,#3792,#3793,#3794,#3795,#3796,#3797,#3798,#3799,#3800,#3801,#3802,
#3803,#3804,#3805,#3806,#3807,#3808,#3809,#3810,#3811,#3812,#3813,#3814,
#3815,#3816,#3817,#3818,#3819,#3820,#3821,#3822,#3823,#3824,#3825,#3826,
#3827,#3828,#3829,#3830,#3831,#3832,#3833,#3834,#3835,#3836,#3837,#3838,
#3839,#3840,#3841,#3842,#3843,#3844,#3845,#3846,#3847,#3848,#3849,#3850,
#3851,#3852,#3853,#3854,#3855,#3856,#3857,#3858,#3859,#3860,#3861,#3862,
#3863,#3864,#3865,#3866,#3867,#3868,#3869,#3870,#3871,#3872,#3873,#3874,
#3875,#3876,#3877,#3878,#3879,#3880,#3881,#3882,#3883));
#3936=CLOSED_SHELL('',(#3884,#3885,#3886,#3887,#3888,#3889,#3890,#3891,
#3892,#3893,#3894,#3895,#3896,#3897,#3898,#3899,#3900,#3901,#3902,#3903,
#3904,#3905,#3906,#3907,#3908,#3909,#3910,#3911,#3912,#3913,#3914,#3915,
#3916,#3917,#3918,#3919,#3920,#3921,#3922,#3923,#3924,#3925,#3926,#3927,
#3928,#3929,#3930,#3931,#3932,#3933,#3934));
#3937=MANIFOLD_SOLID_BREP('',#3935);
#3938=MANIFOLD_SOLID_BREP('',#3936);
#3939=SHAPE_DEFINITION_REPRESENTATION(#6021,#3942);
#3940=SHAPE_DEFINITION_REPRESENTATION(#6020,#3943);
#3941=SHAPE_DEFINITION_REPRESENTATION(#6023,#3944);
#3942=SHAPE_REPRESENTATION('base',(#3945),#6012);
#3943=SHAPE_REPRESENTATION('430483025816',(#3945,#4110,#4184),#6011);
#3944=SHAPE_REPRESENTATION('top cover',(#3945),#6013);
#3945=AXIS2_PLACEMENT_3D('',#5025,#4185,#4186);
#3946=AXIS2_PLACEMENT_3D('',#5026,#4187,#4188);
#3947=AXIS2_PLACEMENT_3D('',#5035,#4193,#4194);
#3948=AXIS2_PLACEMENT_3D('',#5041,#4198,#4199);
#3949=AXIS2_PLACEMENT_3D('',#5047,#4203,#4204);
#3950=AXIS2_PLACEMENT_3D('',#5048,#4205,#4206);
#3951=AXIS2_PLACEMENT_3D('',#5053,#4208,#4209);
#3952=AXIS2_PLACEMENT_3D('',#5056,#4211,#4212);
#3953=AXIS2_PLACEMENT_3D('',#5057,#4213,#4214);
#3954=AXIS2_PLACEMENT_3D('',#5059,#4215,#4216);
#3955=AXIS2_PLACEMENT_3D('',#5062,#4218,#4219);
#3956=AXIS2_PLACEMENT_3D('',#5063,#4220,#4221);
#3957=AXIS2_PLACEMENT_3D('',#5072,#4226,#4227);
#3958=AXIS2_PLACEMENT_3D('',#5078,#4231,#4232);
#3959=AXIS2_PLACEMENT_3D('',#5084,#4236,#4237);
#3960=AXIS2_PLACEMENT_3D('',#5085,#4238,#4239);
#3961=AXIS2_PLACEMENT_3D('',#5090,#4241,#4242);
#3962=AXIS2_PLACEMENT_3D('',#5093,#4244,#4245);
#3963=AXIS2_PLACEMENT_3D('',#5094,#4246,#4247);
#3964=AXIS2_PLACEMENT_3D('',#5096,#4248,#4249);
#3965=AXIS2_PLACEMENT_3D('',#5099,#4251,#4252);
#3966=AXIS2_PLACEMENT_3D('',#5100,#4253,#4254);
#3967=AXIS2_PLACEMENT_3D('',#5117,#4263,#4264);
#3968=AXIS2_PLACEMENT_3D('',#5119,#4265,#4266);
#3969=AXIS2_PLACEMENT_3D('',#5140,#4278,#4279);
#3970=AXIS2_PLACEMENT_3D('',#5153,#4286,#4287);
#3971=AXIS2_PLACEMENT_3D('',#5169,#4296,#4297);
#3972=AXIS2_PLACEMENT_3D('',#5182,#4304,#4305);
#3973=AXIS2_PLACEMENT_3D('',#5198,#4314,#4315);
#3974=AXIS2_PLACEMENT_3D('',#5202,#4317,#4318);
#3975=AXIS2_PLACEMENT_3D('',#5206,#4321,#4322);
#3976=AXIS2_PLACEMENT_3D('',#5212,#4326,#4327);
#3977=AXIS2_PLACEMENT_3D('',#5217,#4331,#4332);
#3978=AXIS2_PLACEMENT_3D('',#5218,#4333,#4334);
#3979=AXIS2_PLACEMENT_3D('',#5225,#4338,#4339);
#3980=AXIS2_PLACEMENT_3D('',#5231,#4343,#4344);
#3981=AXIS2_PLACEMENT_3D('',#5236,#4348,#4349);
#3982=AXIS2_PLACEMENT_3D('',#5242,#4353,#4354);
#3983=AXIS2_PLACEMENT_3D('',#5243,#4355,#4356);
#3984=AXIS2_PLACEMENT_3D('',#5247,#4359,#4360);
#3985=AXIS2_PLACEMENT_3D('',#5250,#4363,#4364);
#3986=AXIS2_PLACEMENT_3D('',#5251,#4365,#4366);
#3987=AXIS2_PLACEMENT_3D('',#5255,#4369,#4370);
#3988=AXIS2_PLACEMENT_3D('',#5261,#4374,#4375);
#3989=AXIS2_PLACEMENT_3D('',#5264,#4378,#4379);
#3990=AXIS2_PLACEMENT_3D('',#5284,#4390,#4391);
#3991=AXIS2_PLACEMENT_3D('',#5304,#4402,#4403);
#3992=AXIS2_PLACEMENT_3D('',#5311,#4409,#4410);
#3993=AXIS2_PLACEMENT_3D('',#5325,#4418,#4419);
#3994=AXIS2_PLACEMENT_3D('',#5339,#4427,#4428);
#3995=AXIS2_PLACEMENT_3D('',#5360,#4441,#4442);
#3996=AXIS2_PLACEMENT_3D('',#5362,#4444,#4445);
#3997=AXIS2_PLACEMENT_3D('',#5364,#4447,#4448);
#3998=AXIS2_PLACEMENT_3D('',#5365,#4449,#4450);
#3999=AXIS2_PLACEMENT_3D('',#5369,#4453,#4454);
#4000=AXIS2_PLACEMENT_3D('',#5373,#4457,#4458);
#4001=AXIS2_PLACEMENT_3D('',#5375,#4460,#4461);
#4002=AXIS2_PLACEMENT_3D('',#5384,#4466,#4467);
#4003=AXIS2_PLACEMENT_3D('',#5386,#4469,#4470);
#4004=AXIS2_PLACEMENT_3D('',#5388,#4472,#4473);
#4005=AXIS2_PLACEMENT_3D('',#5389,#4474,#4475);
#4006=AXIS2_PLACEMENT_3D('',#5393,#4478,#4479);
#4007=AXIS2_PLACEMENT_3D('',#5397,#4482,#4483);
#4008=AXIS2_PLACEMENT_3D('',#5399,#4485,#4486);
#4009=AXIS2_PLACEMENT_3D('',#5408,#4491,#4492);
#4010=AXIS2_PLACEMENT_3D('',#5409,#4493,#4494);
#4011=AXIS2_PLACEMENT_3D('',#5411,#4495,#4496);
#4012=AXIS2_PLACEMENT_3D('',#5415,#4498,#4499);
#4013=AXIS2_PLACEMENT_3D('',#5423,#4503,#4504);
#4014=AXIS2_PLACEMENT_3D('',#5426,#4506,#4507);
#4015=AXIS2_PLACEMENT_3D('',#5427,#4508,#4509);
#4016=AXIS2_PLACEMENT_3D('',#5429,#4510,#4511);
#4017=AXIS2_PLACEMENT_3D('',#5433,#4513,#4514);
#4018=AXIS2_PLACEMENT_3D('',#5441,#4518,#4519);
#4019=AXIS2_PLACEMENT_3D('',#5444,#4521,#4522);
#4020=AXIS2_PLACEMENT_3D('',#5446,#4524,#4525);
#4021=AXIS2_PLACEMENT_3D('',#5448,#4527,#4528);
#4022=AXIS2_PLACEMENT_3D('',#5450,#4530,#4531);
#4023=AXIS2_PLACEMENT_3D('',#5452,#4533,#4534);
#4024=AXIS2_PLACEMENT_3D('',#5454,#4536,#4537);
#4025=AXIS2_PLACEMENT_3D('',#5456,#4539,#4540);
#4026=AXIS2_PLACEMENT_3D('',#5458,#4542,#4543);
#4027=AXIS2_PLACEMENT_3D('',#5460,#4545,#4546);
#4028=AXIS2_PLACEMENT_3D('',#5461,#4547,#4548);
#4029=AXIS2_PLACEMENT_3D('',#5462,#4549,#4550);
#4030=AXIS2_PLACEMENT_3D('',#5464,#4551,#4552);
#4031=AXIS2_PLACEMENT_3D('',#5467,#4554,#4555);
#4032=AXIS2_PLACEMENT_3D('',#5468,#4556,#4557);
#4033=AXIS2_PLACEMENT_3D('',#5470,#4558,#4559);
#4034=AXIS2_PLACEMENT_3D('',#5473,#4561,#4562);
#4035=AXIS2_PLACEMENT_3D('',#5479,#4566,#4567);
#4036=AXIS2_PLACEMENT_3D('',#5485,#4571,#4572);
#4037=AXIS2_PLACEMENT_3D('',#5486,#4573,#4574);
#4038=AXIS2_PLACEMENT_3D('',#5490,#4576,#4577);
#4039=AXIS2_PLACEMENT_3D('',#5491,#4578,#4579);
#4040=AXIS2_PLACEMENT_3D('',#5492,#4580,#4581);
#4041=AXIS2_PLACEMENT_3D('',#5494,#4582,#4583);
#4042=AXIS2_PLACEMENT_3D('',#5497,#4585,#4586);
#4043=AXIS2_PLACEMENT_3D('',#5503,#4590,#4591);
#4044=AXIS2_PLACEMENT_3D('',#5507,#4594,#4595);
#4045=AXIS2_PLACEMENT_3D('',#5511,#4598,#4599);
#4046=AXIS2_PLACEMENT_3D('',#5513,#4601,#4602);
#4047=AXIS2_PLACEMENT_3D('',#5514,#4603,#4604);
#4048=AXIS2_PLACEMENT_3D('',#5515,#4605,#4606);
#4049=AXIS2_PLACEMENT_3D('',#5517,#4607,#4608);
#4050=AXIS2_PLACEMENT_3D('',#5520,#4610,#4611);
#4051=AXIS2_PLACEMENT_3D('',#5521,#4612,#4613);
#4052=AXIS2_PLACEMENT_3D('',#5523,#4614,#4615);
#4053=AXIS2_PLACEMENT_3D('',#5526,#4617,#4618);
#4054=AXIS2_PLACEMENT_3D('',#5532,#4622,#4623);
#4055=AXIS2_PLACEMENT_3D('',#5538,#4627,#4628);
#4056=AXIS2_PLACEMENT_3D('',#5539,#4629,#4630);
#4057=AXIS2_PLACEMENT_3D('',#5543,#4632,#4633);
#4058=AXIS2_PLACEMENT_3D('',#5544,#4634,#4635);
#4059=AXIS2_PLACEMENT_3D('',#5545,#4636,#4637);
#4060=AXIS2_PLACEMENT_3D('',#5547,#4638,#4639);
#4061=AXIS2_PLACEMENT_3D('',#5550,#4641,#4642);
#4062=AXIS2_PLACEMENT_3D('',#5556,#4646,#4647);
#4063=AXIS2_PLACEMENT_3D('',#5560,#4650,#4651);
#4064=AXIS2_PLACEMENT_3D('',#5564,#4654,#4655);
#4065=AXIS2_PLACEMENT_3D('',#5566,#4657,#4658);
#4066=AXIS2_PLACEMENT_3D('',#5567,#4659,#4660);
#4067=AXIS2_PLACEMENT_3D('',#5568,#4661,#4662);
#4068=AXIS2_PLACEMENT_3D('',#5570,#4663,#4664);
#4069=AXIS2_PLACEMENT_3D('',#5574,#4666,#4667);
#4070=AXIS2_PLACEMENT_3D('',#5582,#4671,#4672);
#4071=AXIS2_PLACEMENT_3D('',#5585,#4674,#4675);
#4072=AXIS2_PLACEMENT_3D('',#5586,#4676,#4677);
#4073=AXIS2_PLACEMENT_3D('',#5588,#4678,#4679);
#4074=AXIS2_PLACEMENT_3D('',#5592,#4681,#4682);
#4075=AXIS2_PLACEMENT_3D('',#5600,#4686,#4687);
#4076=AXIS2_PLACEMENT_3D('',#5603,#4689,#4690);
#4077=AXIS2_PLACEMENT_3D('',#5605,#4692,#4693);
#4078=AXIS2_PLACEMENT_3D('',#5607,#4695,#4696);
#4079=AXIS2_PLACEMENT_3D('',#5609,#4698,#4699);
#4080=AXIS2_PLACEMENT_3D('',#5611,#4701,#4702);
#4081=AXIS2_PLACEMENT_3D('',#5613,#4704,#4705);
#4082=AXIS2_PLACEMENT_3D('',#5615,#4707,#4708);
#4083=AXIS2_PLACEMENT_3D('',#5617,#4710,#4711);
#4084=AXIS2_PLACEMENT_3D('',#5619,#4713,#4714);
#4085=AXIS2_PLACEMENT_3D('',#5620,#4715,#4716);
#4086=AXIS2_PLACEMENT_3D('',#5623,#4719,#4720);
#4087=AXIS2_PLACEMENT_3D('',#5626,#4723,#4724);
#4088=AXIS2_PLACEMENT_3D('',#5629,#4727,#4728);
#4089=AXIS2_PLACEMENT_3D('',#5632,#4731,#4732);
#4090=AXIS2_PLACEMENT_3D('',#5633,#4733,#4734);
#4091=AXIS2_PLACEMENT_3D('',#5634,#4735,#4736);
#4092=AXIS2_PLACEMENT_3D('',#5635,#4737,#4738);
#4093=AXIS2_PLACEMENT_3D('',#5636,#4739,#4740);
#4094=AXIS2_PLACEMENT_3D('',#5638,#4742,#4743);
#4095=AXIS2_PLACEMENT_3D('',#5639,#4744,#4745);
#4096=AXIS2_PLACEMENT_3D('',#5641,#4747,#4748);
#4097=AXIS2_PLACEMENT_3D('',#5642,#4749,#4750);
#4098=AXIS2_PLACEMENT_3D('',#5643,#4751,#4752);
#4099=AXIS2_PLACEMENT_3D('',#5644,#4753,#4754);
#4100=AXIS2_PLACEMENT_3D('',#5645,#4755,#4756);
#4101=AXIS2_PLACEMENT_3D('',#5646,#4757,#4758);
#4102=AXIS2_PLACEMENT_3D('',#5647,#4759,#4760);
#4103=AXIS2_PLACEMENT_3D('',#5649,#4761,#4762);
#4104=AXIS2_PLACEMENT_3D('',#5650,#4763,#4764);
#4105=AXIS2_PLACEMENT_3D('',#5652,#4765,#4766);
#4106=AXIS2_PLACEMENT_3D('',#5653,#4767,#4768);
#4107=AXIS2_PLACEMENT_3D('',#5654,#4769,#4770);
#4108=AXIS2_PLACEMENT_3D('',#5655,#4771,#4772);
#4109=AXIS2_PLACEMENT_3D('',#5656,#4773,#4774);
#4110=AXIS2_PLACEMENT_3D('',#5657,#4775,#4776);
#4111=AXIS2_PLACEMENT_3D('',#5658,#4777,#4778);
#4112=AXIS2_PLACEMENT_3D('',#5667,#4783,#4784);
#4113=AXIS2_PLACEMENT_3D('',#5676,#4789,#4790);
#4114=AXIS2_PLACEMENT_3D('',#5680,#4792,#4793);
#4115=AXIS2_PLACEMENT_3D('',#5688,#4797,#4798);
#4116=AXIS2_PLACEMENT_3D('',#5692,#4800,#4801);
#4117=AXIS2_PLACEMENT_3D('',#5700,#4805,#4806);
#4118=AXIS2_PLACEMENT_3D('',#5701,#4807,#4808);
#4119=AXIS2_PLACEMENT_3D('',#5705,#4810,#4811);
#4120=AXIS2_PLACEMENT_3D('',#5713,#4815,#4816);
#4121=AXIS2_PLACEMENT_3D('',#5717,#4818,#4819);
#4122=AXIS2_PLACEMENT_3D('',#5725,#4823,#4824);
#4123=AXIS2_PLACEMENT_3D('',#5726,#4825,#4826);
#4124=AXIS2_PLACEMENT_3D('',#5727,#4827,#4828);
#4125=AXIS2_PLACEMENT_3D('',#5733,#4833,#4834);
#4126=AXIS2_PLACEMENT_3D('',#5734,#4835,#4836);
#4127=AXIS2_PLACEMENT_3D('',#5740,#4841,#4842);
#4128=AXIS2_PLACEMENT_3D('',#5741,#4843,#4844);
#4129=AXIS2_PLACEMENT_3D('',#5742,#4845,#4846);
#4130=AXIS2_PLACEMENT_3D('',#5750,#4850,#4851);
#4131=AXIS2_PLACEMENT_3D('',#5751,#4852,#4853);
#4132=AXIS2_PLACEMENT_3D('',#5753,#4855,#4856);
#4133=AXIS2_PLACEMENT_3D('',#5755,#4858,#4859);
#4134=AXIS2_PLACEMENT_3D('',#5764,#4864,#4865);
#4135=AXIS2_PLACEMENT_3D('',#5770,#4869,#4870);
#4136=AXIS2_PLACEMENT_3D('',#5776,#4874,#4875);
#4137=AXIS2_PLACEMENT_3D('',#5778,#4877,#4878);
#4138=AXIS2_PLACEMENT_3D('',#5834,#4882,#4883);
#4139=AXIS2_PLACEMENT_3D('',#5836,#4885,#4886);
#4140=AXIS2_PLACEMENT_3D('',#5838,#4888,#4889);
#4141=AXIS2_PLACEMENT_3D('',#5841,#4892,#4893);
#4142=AXIS2_PLACEMENT_3D('',#5842,#4894,#4895);
#4143=AXIS2_PLACEMENT_3D('',#5847,#4897,#4898);
#4144=AXIS2_PLACEMENT_3D('',#5850,#4900,#4901);
#4145=AXIS2_PLACEMENT_3D('',#5856,#4905,#4906);
#4146=AXIS2_PLACEMENT_3D('',#5857,#4907,#4908);
#4147=AXIS2_PLACEMENT_3D('',#5858,#4909,#4910);
#4148=AXIS2_PLACEMENT_3D('',#5859,#4911,#4912);
#4149=AXIS2_PLACEMENT_3D('',#5862,#4915,#4916);
#4150=AXIS2_PLACEMENT_3D('',#5866,#4919,#4920);
#4151=AXIS2_PLACEMENT_3D('',#5870,#4923,#4924);
#4152=AXIS2_PLACEMENT_3D('',#5871,#4925,#4926);
#4153=AXIS2_PLACEMENT_3D('',#5872,#4927,#4928);
#4154=AXIS2_PLACEMENT_3D('',#5873,#4929,#4930);
#4155=AXIS2_PLACEMENT_3D('',#5874,#4931,#4932);
#4156=AXIS2_PLACEMENT_3D('',#5875,#4933,#4934);
#4157=AXIS2_PLACEMENT_3D('',#5876,#4935,#4936);
#4158=AXIS2_PLACEMENT_3D('',#5884,#4940,#4941);
#4159=AXIS2_PLACEMENT_3D('',#5885,#4942,#4943);
#4160=AXIS2_PLACEMENT_3D('',#5887,#4945,#4946);
#4161=AXIS2_PLACEMENT_3D('',#5889,#4948,#4949);
#4162=AXIS2_PLACEMENT_3D('',#5898,#4954,#4955);
#4163=AXIS2_PLACEMENT_3D('',#5904,#4959,#4960);
#4164=AXIS2_PLACEMENT_3D('',#5910,#4964,#4965);
#4165=AXIS2_PLACEMENT_3D('',#5912,#4967,#4968);
#4166=AXIS2_PLACEMENT_3D('',#5968,#4972,#4973);
#4167=AXIS2_PLACEMENT_3D('',#5970,#4975,#4976);
#4168=AXIS2_PLACEMENT_3D('',#5972,#4978,#4979);
#4169=AXIS2_PLACEMENT_3D('',#5975,#4982,#4983);
#4170=AXIS2_PLACEMENT_3D('',#5976,#4984,#4985);
#4171=AXIS2_PLACEMENT_3D('',#5981,#4987,#4988);
#4172=AXIS2_PLACEMENT_3D('',#5984,#4990,#4991);
#4173=AXIS2_PLACEMENT_3D('',#5990,#4995,#4996);
#4174=AXIS2_PLACEMENT_3D('',#5991,#4997,#4998);
#4175=AXIS2_PLACEMENT_3D('',#5992,#4999,#5000);
#4176=AXIS2_PLACEMENT_3D('',#5993,#5001,#5002);
#4177=AXIS2_PLACEMENT_3D('',#5996,#5005,#5006);
#4178=AXIS2_PLACEMENT_3D('',#6000,#5009,#5010);
#4179=AXIS2_PLACEMENT_3D('',#6004,#5013,#5014);
#4180=AXIS2_PLACEMENT_3D('',#6005,#5015,#5016);
#4181=AXIS2_PLACEMENT_3D('',#6006,#5017,#5018);
#4182=AXIS2_PLACEMENT_3D('',#6007,#5019,#5020);
#4183=AXIS2_PLACEMENT_3D('',#6008,#5021,#5022);
#4184=AXIS2_PLACEMENT_3D('',#6009,#5023,#5024);
#4185=DIRECTION('',(0.,0.,1.));
#4186=DIRECTION('',(1.,0.,0.));
#4187=DIRECTION('',(0.,0.992277876713667,0.12403473458921));
#4188=DIRECTION('',(0.,-0.12403473458921,0.992277876713668));
#4189=DIRECTION('',(0.123091490979335,0.123091490979334,-0.984731927834661));
#4190=DIRECTION('',(-1.,0.,0.));
#4191=DIRECTION('',(-0.123091490979335,0.123091490979334,-0.984731927834661));
#4192=DIRECTION('',(-1.,0.,0.));
#4193=DIRECTION('',(0.,1.,-8.67361737988394E-15));
#4194=DIRECTION('',(0.,8.67361737988394E-15,1.));
#4195=DIRECTION('',(0.,0.,-1.));
#4196=DIRECTION('',(0.,0.,-1.));
#4197=DIRECTION('',(-1.,0.,0.));
#4198=DIRECTION('',(0.,0.,-1.));
#4199=DIRECTION('',(-1.,0.,0.));
#4200=DIRECTION('',(-0.707106781186551,-0.707106781186544,0.));
#4201=DIRECTION('',(0.707106781186551,-0.707106781186544,0.));
#4202=DIRECTION('',(-1.,0.,0.));
#4203=DIRECTION('',(1.,-6.12303176911189E-17,0.));
#4204=DIRECTION('',(6.12303176911189E-17,1.,0.));
#4205=DIRECTION('',(1.,-6.12303176911189E-17,0.));
#4206=DIRECTION('',(6.12303176911189E-17,1.,0.));
#4207=DIRECTION('',(0.,0.,-1.));
#4208=DIRECTION('',(1.,-6.12303176911189E-17,0.));
#4209=DIRECTION('',(6.12303176911189E-17,1.,0.));
#4210=DIRECTION('',(6.12303176911189E-17,1.,0.));
#4211=DIRECTION('',(-1.,0.,0.));
#4212=DIRECTION('',(0.,0.,1.));
#4213=DIRECTION('',(0.707106781186544,-0.707106781186551,0.));
#4214=DIRECTION('',(-0.707106781186551,-0.707106781186544,0.));
#4215=DIRECTION('',(1.,-6.12303176911189E-17,0.));
#4216=DIRECTION('',(6.12303176911189E-17,1.,0.));
#4217=DIRECTION('',(-1.,0.,0.));
#4218=DIRECTION('',(0.707106781186544,0.707106781186551,0.));
#4219=DIRECTION('',(-0.707106781186551,0.707106781186544,0.));
#4220=DIRECTION('',(0.,0.992277876713667,-0.12403473458921));
#4221=DIRECTION('',(0.,0.12403473458921,0.992277876713668));
#4222=DIRECTION('',(-1.,0.,0.));
#4223=DIRECTION('',(0.123091490979335,0.123091490979334,0.984731927834661));
#4224=DIRECTION('',(-1.,0.,0.));
#4225=DIRECTION('',(-0.123091490979334,0.123091490979334,0.984731927834661));
#4226=DIRECTION('',(0.,1.,8.67361737988394E-15));
#4227=DIRECTION('',(0.,-8.67361737988394E-15,1.));
#4228=DIRECTION('',(-1.,0.,0.));
#4229=DIRECTION('',(0.,0.,-1.));
#4230=DIRECTION('',(0.,0.,-1.));
#4231=DIRECTION('',(0.,0.,1.));
#4232=DIRECTION('',(1.,0.,0.));
#4233=DIRECTION('',(-1.,0.,0.));
#4234=DIRECTION('',(-0.707106781186551,-0.707106781186544,0.));
#4235=DIRECTION('',(0.707106781186548,-0.707106781186548,0.));
#4236=DIRECTION('',(-1.,6.12303176911189E-17,0.));
#4237=DIRECTION('',(-6.12303176911189E-17,-1.,0.));
#4238=DIRECTION('',(-1.,6.12303176911189E-17,0.));
#4239=DIRECTION('',(-6.12303176911189E-17,-1.,0.));
#4240=DIRECTION('',(0.,0.,-1.));
#4241=DIRECTION('',(-1.,6.12303176911189E-17,0.));
#4242=DIRECTION('',(-6.12303176911189E-17,-1.,0.));
#4243=DIRECTION('',(-6.12303176911189E-17,-1.,0.));
#4244=DIRECTION('',(1.,0.,0.));
#4245=DIRECTION('',(0.,0.,-1.));
#4246=DIRECTION('',(-0.707106781186544,0.707106781186551,0.));
#4247=DIRECTION('',(0.707106781186551,0.707106781186544,0.));
#4248=DIRECTION('',(-1.,6.12303176911189E-17,0.));
#4249=DIRECTION('',(-6.12303176911189E-17,-1.,0.));
#4250=DIRECTION('',(-1.,0.,0.));
#4251=DIRECTION('',(-0.707106781186548,-0.707106781186548,0.));
#4252=DIRECTION('',(0.707106781186548,-0.707106781186548,0.));
#4253=DIRECTION('',(0.,0.,1.));
#4254=DIRECTION('',(1.,0.,0.));
#4255=DIRECTION('',(-0.707106781186547,-0.707106781186548,0.));
#4256=DIRECTION('',(0.,-1.,0.));
#4257=DIRECTION('',(0.707106781186548,-0.707106781186547,0.));
#4258=DIRECTION('',(1.,0.,0.));
#4259=DIRECTION('',(0.707106781186547,0.707106781186548,0.));
#4260=DIRECTION('',(0.,1.,0.));
#4261=DIRECTION('',(-0.707106781186548,0.707106781186547,0.));
#4262=DIRECTION('',(-1.,0.,0.));
#4263=DIRECTION('',(0.,0.,1.));
#4264=DIRECTION('',(1.,0.,0.));
#4265=DIRECTION('',(-6.99485272571293E-17,-1.,0.));
#4266=DIRECTION('',(1.,-6.99485272571293E-17,0.));
#4267=DIRECTION('',(0.,0.,1.));
#4268=DIRECTION('',(0.,0.,1.));
#4269=DIRECTION('',(-1.,6.99485272571293E-17,0.));
#4270=DIRECTION('',(0.,0.,1.));
#4271=DIRECTION('',(-1.,0.,0.));
#4272=DIRECTION('',(0.,0.,-1.));
#4273=DIRECTION('',(-1.,6.99485272571293E-17,0.));
#4274=DIRECTION('',(0.,0.,-1.));
#4275=DIRECTION('',(1.,0.,0.));
#4276=DIRECTION('',(0.,0.,-1.));
#4277=DIRECTION('',(-1.,6.99485272571293E-17,0.));
#4278=DIRECTION('',(0.,0.,1.));
#4279=DIRECTION('',(1.,0.,0.));
#4280=DIRECTION('',(0.,1.,0.));
#4281=DIRECTION('',(0.707106781186547,0.707106781186548,0.));
#4282=DIRECTION('',(1.,0.,0.));
#4283=DIRECTION('',(0.,-1.,0.));
#4284=DIRECTION('',(1.,0.,0.));
#4285=DIRECTION('',(-0.707106781186548,0.707106781186547,0.));
#4286=DIRECTION('',(0.,0.,1.));
#4287=DIRECTION('',(1.,0.,0.));
#4288=DIRECTION('',(6.12303176911189E-17,1.,0.));
#4289=DIRECTION('',(1.,6.99485272571293E-17,0.));
#4290=DIRECTION('',(0.,-1.,0.));
#4291=DIRECTION('',(-0.707106781186547,-0.707106781186548,0.));
#4292=DIRECTION('',(-1.,0.,0.));
#4293=DIRECTION('',(-0.707106781186548,0.707106781186547,0.));
#4294=DIRECTION('',(0.,-1.,0.));
#4295=DIRECTION('',(1.,6.99485272571293E-17,0.));
#4296=DIRECTION('',(0.,0.,1.));
#4297=DIRECTION('',(1.,0.,0.));
#4298=DIRECTION('',(0.,-1.,0.));
#4299=DIRECTION('',(-0.707106781186547,-0.707106781186548,0.));
#4300=DIRECTION('',(-1.,0.,0.));
#4301=DIRECTION('',(0.,1.,0.));
#4302=DIRECTION('',(-1.,0.,0.));
#4303=DIRECTION('',(0.707106781186548,-0.707106781186547,0.));
#4304=DIRECTION('',(0.,0.,1.));
#4305=DIRECTION('',(1.,0.,0.));
#4306=DIRECTION('',(-6.12303176911189E-17,-1.,0.));
#4307=DIRECTION('',(-1.,6.99485272571293E-17,0.));
#4308=DIRECTION('',(0.,1.,0.));
#4309=DIRECTION('',(0.707106781186547,0.707106781186548,0.));
#4310=DIRECTION('',(1.,0.,0.));
#4311=DIRECTION('',(0.707106781186548,-0.707106781186547,0.));
#4312=DIRECTION('',(0.,1.,0.));
#4313=DIRECTION('',(-1.,6.99485272571293E-17,0.));
#4314=DIRECTION('',(-1.,0.,0.));
#4315=DIRECTION('',(0.,0.,1.));
#4316=DIRECTION('',(0.,0.,-1.));
#4317=DIRECTION('',(-1.,0.,0.));
#4318=DIRECTION('',(0.,0.,1.));
#4319=DIRECTION('',(0.,0.,-1.));
#4320=DIRECTION('',(0.,1.,0.));
#4321=DIRECTION('',(0.,-1.,0.));
#4322=DIRECTION('',(0.,0.,-1.));
#4323=DIRECTION('',(-1.,0.,0.));
#4324=DIRECTION('',(0.,0.,1.));
#4325=DIRECTION('',(0.,0.,-1.));
#4326=DIRECTION('',(0.,0.,1.));
#4327=DIRECTION('',(1.,0.,0.));
#4328=DIRECTION('',(-0.707106781186548,0.707106781186547,0.));
#4329=DIRECTION('',(0.,-1.,0.));
#4330=DIRECTION('',(1.,0.,0.));
#4331=DIRECTION('',(-1.,0.,0.));
#4332=DIRECTION('',(0.,0.,1.));
#4333=DIRECTION('',(-1.,0.,0.));
#4334=DIRECTION('',(0.,0.,1.));
#4335=DIRECTION('',(0.,0.,-1.));
#4336=DIRECTION('',(0.,1.,0.));
#4337=DIRECTION('',(0.,0.,-1.));
#4338=DIRECTION('',(0.,1.,0.));
#4339=DIRECTION('',(0.,0.,1.));
#4340=DIRECTION('',(0.,0.,1.));
#4341=DIRECTION('',(1.,0.,0.));
#4342=DIRECTION('',(0.,0.,-1.));
#4343=DIRECTION('',(0.,0.,-1.));
#4344=DIRECTION('',(-1.,0.,0.));
#4345=DIRECTION('',(0.707106781186547,0.707106781186548,0.));
#4346=DIRECTION('',(-1.,0.,0.));
#4347=DIRECTION('',(0.,-1.,0.));
#4348=DIRECTION('',(0.,1.,0.));
#4349=DIRECTION('',(0.,0.,1.));
#4350=DIRECTION('',(1.,0.,0.));
#4351=DIRECTION('',(0.,0.,1.));
#4352=DIRECTION('',(0.,0.,-1.));
#4353=DIRECTION('',(1.,0.,0.));
#4354=DIRECTION('',(0.,0.,-1.));
#4355=DIRECTION('',(1.,0.,0.));
#4356=DIRECTION('',(0.,0.,-1.));
#4357=DIRECTION('',(0.,0.,-1.));
#4358=DIRECTION('',(0.,-1.,0.));
#4359=DIRECTION('',(0.,0.,1.));
#4360=DIRECTION('',(1.,0.,0.));
#4361=DIRECTION('',(0.707106781186548,-0.707106781186547,0.));
#4362=DIRECTION('',(0.,1.,0.));
#4363=DIRECTION('',(1.,0.,0.));
#4364=DIRECTION('',(0.,0.,-1.));
#4365=DIRECTION('',(1.,0.,0.));
#4366=DIRECTION('',(0.,0.,-1.));
#4367=DIRECTION('',(0.,-1.,0.));
#4368=DIRECTION('',(0.,0.,-1.));
#4369=DIRECTION('',(0.,-1.,0.));
#4370=DIRECTION('',(0.,0.,-1.));
#4371=DIRECTION('',(0.,0.,1.));
#4372=DIRECTION('',(-1.,0.,0.));
#4373=DIRECTION('',(0.,0.,-1.));
#4374=DIRECTION('',(0.,0.,-1.));
#4375=DIRECTION('',(-1.,0.,0.));
#4376=DIRECTION('',(-0.707106781186547,-0.707106781186548,0.));
#4377=DIRECTION('',(0.,1.,0.));
#4378=DIRECTION('',(-1.,0.,0.));
#4379=DIRECTION('',(0.,0.,1.));
#4380=DIRECTION('',(0.,0.,-1.));
#4381=DIRECTION('',(0.,1.,0.));
#4382=DIRECTION('',(0.,0.,-1.));
#4383=DIRECTION('',(0.,1.,0.));
#4384=DIRECTION('',(0.,0.,-1.));
#4385=DIRECTION('',(0.,1.,0.));
#4386=DIRECTION('',(0.,0.,-1.));
#4387=DIRECTION('',(0.,-1.,0.));
#4388=DIRECTION('',(0.,0.,-1.));
#4389=DIRECTION('',(0.,1.,0.));
#4390=DIRECTION('',(1.,0.,0.));
#4391=DIRECTION('',(0.,0.,-1.));
#4392=DIRECTION('',(0.,-1.,0.));
#4393=DIRECTION('',(0.,0.,-1.));
#4394=DIRECTION('',(3.09330149068618E-16,-1.,0.));
#4395=DIRECTION('',(0.,0.,-1.));
#4396=DIRECTION('',(0.,-1.,0.));
#4397=DIRECTION('',(0.,0.,-1.));
#4398=DIRECTION('',(3.09330149068618E-16,1.,0.));
#4399=DIRECTION('',(0.,0.,-1.));
#4400=DIRECTION('',(0.,-1.,0.));
#4401=DIRECTION('',(0.,0.,-1.));
#4402=DIRECTION('',(-6.99485272571293E-17,1.,0.));
#4403=DIRECTION('',(-1.,-6.99485272571293E-17,0.));
#4404=DIRECTION('',(0.,0.,1.));
#4405=DIRECTION('',(0.,0.,1.));
#4406=DIRECTION('',(1.,6.99485272571293E-17,0.));
#4407=DIRECTION('',(1.,6.99485272571293E-17,0.));
#4408=DIRECTION('',(1.,6.99485272571293E-17,0.));
#4409=DIRECTION('',(0.,0.,1.));
#4410=DIRECTION('',(1.,0.,0.));
#4411=DIRECTION('',(1.,2.47817639425257E-15,0.));
#4412=DIRECTION('',(0.,-1.,0.));
#4413=DIRECTION('',(-1.,2.47817639425257E-15,0.));
#4414=DIRECTION('',(0.,1.,0.));
#4415=DIRECTION('',(1.,0.,0.));
#4416=DIRECTION('',(0.,1.,0.));
#4417=DIRECTION('',(-1.,0.,0.));
#4418=DIRECTION('',(0.,0.,1.));
#4419=DIRECTION('',(1.,0.,0.));
#4420=DIRECTION('',(-1.,-3.71726459137885E-15,0.));
#4421=DIRECTION('',(0.,1.,0.));
#4422=DIRECTION('',(1.,6.19544098563141E-16,0.));
#4423=DIRECTION('',(0.,-1.,0.));
#4424=DIRECTION('',(-1.,0.,0.));
#4425=DIRECTION('',(0.,-1.,0.));
#4426=DIRECTION('',(1.,0.,0.));
#4427=DIRECTION('',(0.,0.,1.));
#4428=DIRECTION('',(1.,0.,0.));
#4429=DIRECTION('',(-1.54665074534309E-16,-1.,0.));
#4430=DIRECTION('',(1.,0.,0.));
#4431=DIRECTION('',(1.,6.19544098563141E-16,0.));
#4432=DIRECTION('',(0.,1.,0.));
#4433=DIRECTION('',(-1.,-3.71726459137885E-15,0.));
#4434=DIRECTION('',(1.,-2.47817639425257E-15,0.));
#4435=DIRECTION('',(0.,1.,0.));
#4436=DIRECTION('',(-1.,-2.47817639425257E-15,0.));
#4437=DIRECTION('',(-1.,2.47817639425257E-15,0.));
#4438=DIRECTION('',(0.,-1.,0.));
#4439=DIRECTION('',(1.,2.47817639425257E-15,0.));
#4440=DIRECTION('',(-1.,6.19544098563141E-16,0.));
#4441=DIRECTION('',(-2.47817639425257E-15,-1.,0.));
#4442=DIRECTION('',(1.,-2.47817639425257E-15,0.));
#4443=DIRECTION('',(0.,0.,-1.));
#4444=DIRECTION('',(1.,0.,0.));
#4445=DIRECTION('',(0.,0.,-1.));
#4446=DIRECTION('',(0.,0.,-1.));
#4447=DIRECTION('',(-2.47817639425257E-15,1.,0.));
#4448=DIRECTION('',(-1.,-2.47817639425257E-15,0.));
#4449=DIRECTION('',(2.47817639425257E-15,-1.,0.));
#4450=DIRECTION('',(1.,2.47817639425257E-15,0.));
#4451=DIRECTION('',(0.,0.,-1.));
#4452=DIRECTION('',(-1.,-2.47817639425257E-15,0.));
#4453=DIRECTION('',(-1.,0.,0.));
#4454=DIRECTION('',(0.,0.,1.));
#4455=DIRECTION('',(0.,0.,-1.));
#4456=DIRECTION('',(0.,1.,0.));
#4457=DIRECTION('',(2.47817639425257E-15,1.,0.));
#4458=DIRECTION('',(-1.,2.47817639425257E-15,0.));
#4459=DIRECTION('',(1.,-2.47817639425257E-15,0.));
#4460=DIRECTION('',(0.,0.,-1.));
#4461=DIRECTION('',(-1.,0.,0.));
#4462=DIRECTION('',(0.,1.,0.));
#4463=DIRECTION('',(1.,0.,0.));
#4464=DIRECTION('',(0.,1.,0.));
#4465=DIRECTION('',(-1.,0.,0.));
#4466=DIRECTION('',(-6.19544098563141E-16,1.,0.));
#4467=DIRECTION('',(-1.,-6.19544098563141E-16,0.));
#4468=DIRECTION('',(0.,0.,-1.));
#4469=DIRECTION('',(-1.,0.,0.));
#4470=DIRECTION('',(0.,0.,1.));
#4471=DIRECTION('',(0.,0.,-1.));
#4472=DIRECTION('',(3.71726459137885E-15,-1.,0.));
#4473=DIRECTION('',(1.,3.71726459137885E-15,0.));
#4474=DIRECTION('',(0.,1.,0.));
#4475=DIRECTION('',(0.,0.,1.));
#4476=DIRECTION('',(0.,0.,-1.));
#4477=DIRECTION('',(1.,0.,0.));
#4478=DIRECTION('',(1.,-1.54665074534309E-16,0.));
#4479=DIRECTION('',(1.54665074534309E-16,1.,0.));
#4480=DIRECTION('',(0.,0.,-1.));
#4481=DIRECTION('',(-1.54665074534309E-16,-1.,0.));
#4482=DIRECTION('',(-6.19544098563141E-16,-1.,0.));
#4483=DIRECTION('',(1.,-6.19544098563141E-16,0.));
#4484=DIRECTION('',(-1.,6.19544098563141E-16,0.));
#4485=DIRECTION('',(0.,0.,-1.));
#4486=DIRECTION('',(-1.,0.,0.));
#4487=DIRECTION('',(0.,-1.,0.));
#4488=DIRECTION('',(-1.,0.,0.));
#4489=DIRECTION('',(0.,-1.,0.));
#4490=DIRECTION('',(1.,0.,0.));
#4491=DIRECTION('',(0.,1.,0.));
#4492=DIRECTION('',(0.,0.,1.));
#4493=DIRECTION('',(0.,-1.,0.));
#4494=DIRECTION('',(1.92747052886311E-15,0.,-1.));
#4495=DIRECTION('',(0.,-1.,0.));
#4496=DIRECTION('',(5.78241158658943E-15,0.,-1.));
#4497=DIRECTION('',(1.,0.,-1.51217671425609E-15));
#4498=DIRECTION('',(0.,-1.,0.));
#4499=DIRECTION('',(-0.96173622865885,0.,-0.273977054668914));
#4500=DIRECTION('',(0.273977054668907,0.,-0.961736228658851));
#4501=DIRECTION('',(-0.961736228658851,0.,-0.273977054668907));
#4502=DIRECTION('',(0.273977054668907,0.,-0.961736228658851));
#4503=DIRECTION('',(0.,-1.,0.));
#4504=DIRECTION('',(-0.96173622865885,0.,-0.273977054668911));
#4505=DIRECTION('',(1.,0.,-1.51217671425609E-15));
#4506=DIRECTION('',(0.,-1.,0.));
#4507=DIRECTION('',(0.,0.,-1.));
#4508=DIRECTION('',(0.,-1.,0.));
#4509=DIRECTION('',(5.78241158658943E-15,0.,-1.));
#4510=DIRECTION('',(0.,-1.,0.));
#4511=DIRECTION('',(1.92747052886313E-15,0.,-1.));
#4512=DIRECTION('',(1.,0.,-1.51217671425609E-15));
#4513=DIRECTION('',(0.,-1.,0.));
#4514=DIRECTION('',(-0.96173622865885,0.,-0.273977054668911));
#4515=DIRECTION('',(0.273977054668907,0.,-0.961736228658851));
#4516=DIRECTION('',(0.961736228658851,0.,0.273977054668907));
#4517=DIRECTION('',(0.273977054668907,0.,-0.961736228658851));
#4518=DIRECTION('',(0.,-1.,0.));
#4519=DIRECTION('',(-0.96173622865885,0.,-0.273977054668914));
#4520=DIRECTION('',(1.,0.,-1.51217671425609E-15));
#4521=DIRECTION('',(0.,-1.,0.));
#4522=DIRECTION('',(0.,0.,-1.));
#4523=DIRECTION('',(0.,-1.,0.));
#4524=DIRECTION('',(0.,-1.,0.));
#4525=DIRECTION('',(0.,0.,-1.));
#4526=DIRECTION('',(3.74744063720787E-30,1.,2.47817639425258E-15));
#4527=DIRECTION('',(1.51217671425609E-15,-2.47817639425258E-15,1.));
#4528=DIRECTION('',(0.,-1.,-2.47817639425258E-15));
#4529=DIRECTION('',(0.,1.,2.47817639425258E-15));
#4530=DIRECTION('',(-1.51217671425609E-15,0.,-1.));
#4531=DIRECTION('',(-1.,0.,1.51217671425609E-15));
#4532=DIRECTION('',(0.,-1.,0.));
#4533=DIRECTION('',(0.,-1.,0.));
#4534=DIRECTION('',(0.,0.,-1.));
#4535=DIRECTION('',(2.38335201935987E-15,1.,6.78963469447335E-16));
#4536=DIRECTION('',(0.,-1.,0.));
#4537=DIRECTION('',(0.,0.,-1.));
#4538=DIRECTION('',(0.,-1.,0.));
#4539=DIRECTION('',(0.961736228658852,-2.47817639425258E-15,0.273977054668907));
#4540=DIRECTION('',(0.273977054668907,0.,-0.961736228658852));
#4541=DIRECTION('',(2.38335201935987E-15,1.,6.78963469447335E-16));
#4542=DIRECTION('',(-0.961736228658852,0.,-0.273977054668907));
#4543=DIRECTION('',(-0.273977054668907,0.,0.961736228658852));
#4544=DIRECTION('',(0.,-1.,0.));
#4545=DIRECTION('',(0.273977054668907,0.,-0.961736228658851));
#4546=DIRECTION('',(-0.961736228658851,0.,-0.273977054668907));
#4547=DIRECTION('',(0.,-1.,0.));
#4548=DIRECTION('',(0.,0.,-1.));
#4549=DIRECTION('',(0.,-1.,0.));
#4550=DIRECTION('',(1.92747052886311E-15,0.,-1.));
#4551=DIRECTION('',(0.,-1.,0.));
#4552=DIRECTION('',(1.92747052886313E-15,0.,-1.));
#4553=DIRECTION('',(4.68430079650985E-30,-1.,3.09772049281574E-15));
#4554=DIRECTION('',(0.,-1.,0.));
#4555=DIRECTION('',(0.,0.,-1.));
#4556=DIRECTION('',(0.,-1.,0.));
#4557=DIRECTION('',(5.78241158658943E-15,0.,-1.));
#4558=DIRECTION('',(0.,-1.,0.));
#4559=DIRECTION('',(5.78241158658943E-15,0.,-1.));
#4560=DIRECTION('',(0.,1.,0.));
#4561=DIRECTION('',(-1.51217671425609E-15,-3.09772049281574E-15,-1.));
#4562=DIRECTION('',(0.,1.,-3.09772049281574E-15));
#4563=DIRECTION('',(1.,0.,-1.51217671425609E-15));
#4564=DIRECTION('',(0.,-1.,3.09772049281574E-15));
#4565=DIRECTION('',(1.,0.,-1.51217671425609E-15));
#4566=DIRECTION('',(1.51217671425609E-15,0.,1.));
#4567=DIRECTION('',(1.,0.,-1.51217671425609E-15));
#4568=DIRECTION('',(1.,0.,-1.51217671425609E-15));
#4569=DIRECTION('',(1.,0.,-1.51217671425609E-15));
#4570=DIRECTION('',(0.,1.,0.));
#4571=DIRECTION('',(0.,-1.,0.));
#4572=DIRECTION('',(0.,0.,-1.));
#4573=DIRECTION('',(0.,-1.,0.));
#4574=DIRECTION('',(-0.96173622865885,0.,-0.273977054668911));
#4575=DIRECTION('',(2.97919002419985E-15,-1.,8.48704336809172E-16));
#4576=DIRECTION('',(0.,-1.,0.));
#4577=DIRECTION('',(-0.96173622865885,0.,-0.273977054668912));
#4578=DIRECTION('',(0.,-1.,0.));
#4579=DIRECTION('',(0.,0.,-1.));
#4580=DIRECTION('',(0.,-1.,0.));
#4581=DIRECTION('',(-0.96173622865885,0.,-0.273977054668914));
#4582=DIRECTION('',(0.,-1.,0.));
#4583=DIRECTION('',(-0.96173622865885,0.,-0.273977054668914));
#4584=DIRECTION('',(0.,1.,0.));
#4585=DIRECTION('',(-0.961736228658852,-3.09772049281574E-15,-0.273977054668907));
#4586=DIRECTION('',(-0.273977054668907,0.,0.961736228658852));
#4587=DIRECTION('',(0.273977054668907,0.,-0.961736228658851));
#4588=DIRECTION('',(2.97919002419985E-15,-1.,8.48704336809172E-16));
#4589=DIRECTION('',(0.273977054668907,0.,-0.961736228658851));
#4590=DIRECTION('',(0.,-1.,0.));
#4591=DIRECTION('',(0.,0.,-1.));
#4592=DIRECTION('',(0.273977054668907,0.,-0.961736228658851));
#4593=DIRECTION('',(0.961736228658851,0.,0.273977054668907));
#4594=DIRECTION('',(0.961736228658852,0.,0.273977054668907));
#4595=DIRECTION('',(0.273977054668907,0.,-0.961736228658852));
#4596=DIRECTION('',(0.273977054668907,0.,-0.961736228658851));
#4597=DIRECTION('',(0.,1.,0.));
#4598=DIRECTION('',(0.,1.,0.));
#4599=DIRECTION('',(0.,0.,1.));
#4600=DIRECTION('',(-0.961736228658851,0.,-0.273977054668907));
#4601=DIRECTION('',(-0.273977054668907,0.,0.961736228658851));
#4602=DIRECTION('',(0.961736228658851,0.,0.273977054668907));
#4603=DIRECTION('',(0.,1.,0.));
#4604=DIRECTION('',(0.,0.,1.));
#4605=DIRECTION('',(0.,1.,0.));
#4606=DIRECTION('',(-1.92747052886314E-15,0.,-1.));
#4607=DIRECTION('',(0.,1.,0.));
#4608=DIRECTION('',(-1.92747052886314E-15,0.,-1.));
#4609=DIRECTION('',(0.,1.,0.));
#4610=DIRECTION('',(0.,1.,0.));
#4611=DIRECTION('',(0.,0.,1.));
#4612=DIRECTION('',(0.,1.,0.));
#4613=DIRECTION('',(-5.7824115865895E-15,0.,-1.));
#4614=DIRECTION('',(0.,1.,0.));
#4615=DIRECTION('',(-5.7824115865895E-15,0.,-1.));
#4616=DIRECTION('',(0.,-1.,0.));
#4617=DIRECTION('',(1.51217671425609E-15,0.,-1.));
#4618=DIRECTION('',(-1.,0.,-1.51217671425609E-15));
#4619=DIRECTION('',(-1.,0.,-1.51217671425609E-15));
#4620=DIRECTION('',(0.,1.,0.));
#4621=DIRECTION('',(-1.,0.,-1.51217671425609E-15));
#4622=DIRECTION('',(-1.51217671425609E-15,0.,1.));
#4623=DIRECTION('',(1.,0.,1.51217671425609E-15));
#4624=DIRECTION('',(-1.,0.,-1.51217671425609E-15));
#4625=DIRECTION('',(-1.,0.,-1.51217671425609E-15));
#4626=DIRECTION('',(0.,-1.,0.));
#4627=DIRECTION('',(0.,1.,0.));
#4628=DIRECTION('',(0.,0.,1.));
#4629=DIRECTION('',(0.,1.,0.));
#4630=DIRECTION('',(0.961736228658852,0.,-0.273977054668906));
#4631=DIRECTION('',(0.,1.,0.));
#4632=DIRECTION('',(0.,1.,0.));
#4633=DIRECTION('',(0.961736228658852,0.,-0.273977054668906));
#4634=DIRECTION('',(0.,1.,0.));
#4635=DIRECTION('',(0.,0.,1.));
#4636=DIRECTION('',(0.,1.,0.));
#4637=DIRECTION('',(0.961736228658851,0.,-0.273977054668909));
#4638=DIRECTION('',(0.,1.,0.));
#4639=DIRECTION('',(0.961736228658851,0.,-0.273977054668909));
#4640=DIRECTION('',(0.,-1.,0.));
#4641=DIRECTION('',(0.961736228658852,0.,-0.273977054668907));
#4642=DIRECTION('',(-0.273977054668907,0.,-0.961736228658852));
#4643=DIRECTION('',(-0.273977054668907,0.,-0.961736228658852));
#4644=DIRECTION('',(0.,1.,0.));
#4645=DIRECTION('',(-0.273977054668907,0.,-0.961736228658852));
#4646=DIRECTION('',(0.,1.,0.));
#4647=DIRECTION('',(0.,0.,1.));
#4648=DIRECTION('',(-0.273977054668907,0.,-0.961736228658852));
#4649=DIRECTION('',(-0.961736228658852,0.,0.273977054668907));
#4650=DIRECTION('',(-0.961736228658852,0.,0.273977054668907));
#4651=DIRECTION('',(0.273977054668907,0.,0.961736228658852));
#4652=DIRECTION('',(-0.273977054668907,0.,-0.961736228658852));
#4653=DIRECTION('',(0.,-1.,0.));
#4654=DIRECTION('',(0.,-1.,0.));
#4655=DIRECTION('',(0.,0.,-1.));
#4656=DIRECTION('',(0.961736228658852,0.,-0.273977054668907));
#4657=DIRECTION('',(0.273977054668907,0.,0.961736228658852));
#4658=DIRECTION('',(0.961736228658852,0.,-0.273977054668907));
#4659=DIRECTION('',(0.,-1.,0.));
#4660=DIRECTION('',(0.,0.,-1.));
#4661=DIRECTION('',(0.,1.,0.));
#4662=DIRECTION('',(-1.92747052886314E-15,0.,-1.));
#4663=DIRECTION('',(0.,1.,0.));
#4664=DIRECTION('',(-5.7824115865895E-15,0.,-1.));
#4665=DIRECTION('',(-1.,0.,-1.51217671425609E-15));
#4666=DIRECTION('',(0.,1.,0.));
#4667=DIRECTION('',(0.961736228658851,0.,-0.273977054668909));
#4668=DIRECTION('',(-0.273977054668907,0.,-0.961736228658852));
#4669=DIRECTION('',(0.961736228658852,0.,-0.273977054668907));
#4670=DIRECTION('',(-0.273977054668907,0.,-0.961736228658852));
#4671=DIRECTION('',(0.,1.,0.));
#4672=DIRECTION('',(0.961736228658852,0.,-0.273977054668906));
#4673=DIRECTION('',(-1.,0.,-1.51217671425609E-15));
#4674=DIRECTION('',(0.,1.,0.));
#4675=DIRECTION('',(0.,0.,1.));
#4676=DIRECTION('',(0.,1.,0.));
#4677=DIRECTION('',(-5.7824115865895E-15,0.,-1.));
#4678=DIRECTION('',(0.,1.,0.));
#4679=DIRECTION('',(-1.92747052886314E-15,0.,-1.));
#4680=DIRECTION('',(-1.,0.,-1.51217671425609E-15));
#4681=DIRECTION('',(0.,1.,0.));
#4682=DIRECTION('',(0.961736228658852,0.,-0.273977054668906));
#4683=DIRECTION('',(-0.273977054668907,0.,-0.961736228658852));
#4684=DIRECTION('',(-0.961736228658852,0.,0.273977054668907));
#4685=DIRECTION('',(-0.273977054668907,0.,-0.961736228658852));
#4686=DIRECTION('',(0.,1.,0.));
#4687=DIRECTION('',(0.961736228658851,0.,-0.273977054668909));
#4688=DIRECTION('',(-1.,0.,-1.51217671425609E-15));
#4689=DIRECTION('',(0.,1.,0.));
#4690=DIRECTION('',(0.,0.,1.));
#4691=DIRECTION('',(0.,1.,0.));
#4692=DIRECTION('',(0.,1.,0.));
#4693=DIRECTION('',(0.,0.,1.));
#4694=DIRECTION('',(0.,-1.,0.));
#4695=DIRECTION('',(-1.51217671425609E-15,0.,1.));
#4696=DIRECTION('',(1.,0.,1.51217671425609E-15));
#4697=DIRECTION('',(0.,-1.,0.));
#4698=DIRECTION('',(1.51217671425609E-15,0.,-1.));
#4699=DIRECTION('',(-1.,0.,-1.51217671425609E-15));
#4700=DIRECTION('',(0.,1.,0.));
#4701=DIRECTION('',(0.,1.,0.));
#4702=DIRECTION('',(0.,0.,1.));
#4703=DIRECTION('',(0.,-1.,0.));
#4704=DIRECTION('',(0.,1.,0.));
#4705=DIRECTION('',(0.,0.,1.));
#4706=DIRECTION('',(0.,1.,0.));
#4707=DIRECTION('',(-0.961736228658852,0.,0.273977054668907));
#4708=DIRECTION('',(0.273977054668907,0.,0.961736228658852));
#4709=DIRECTION('',(0.,-1.,0.));
#4710=DIRECTION('',(0.961736228658852,0.,-0.273977054668907));
#4711=DIRECTION('',(-0.273977054668907,0.,-0.961736228658852));
#4712=DIRECTION('',(0.,1.,0.));
#4713=DIRECTION('',(-0.273977054668907,0.,-0.961736228658852));
#4714=DIRECTION('',(-0.961736228658852,0.,0.273977054668907));
#4715=DIRECTION('',(1.,0.,0.));
#4716=DIRECTION('',(0.,0.,-1.));
#4717=DIRECTION('',(0.,0.,-1.));
#4718=DIRECTION('',(0.,0.,-1.));
#4719=DIRECTION('',(0.,1.,0.));
#4720=DIRECTION('',(0.,0.,1.));
#4721=DIRECTION('',(0.,0.,-1.));
#4722=DIRECTION('',(0.,0.,-1.));
#4723=DIRECTION('',(-1.,0.,0.));
#4724=DIRECTION('',(0.,0.,1.));
#4725=DIRECTION('',(0.,0.,-1.));
#4726=DIRECTION('',(0.,0.,-1.));
#4727=DIRECTION('',(0.,-1.,0.));
#4728=DIRECTION('',(0.,0.,-1.));
#4729=DIRECTION('',(0.,0.,-1.));
#4730=DIRECTION('',(0.,0.,-1.));
#4731=DIRECTION('',(0.707106781186547,0.707106781186548,0.));
#4732=DIRECTION('',(-0.707106781186548,0.707106781186547,0.));
#4733=DIRECTION('',(-0.707106781186548,0.707106781186547,0.));
#4734=DIRECTION('',(-0.707106781186547,-0.707106781186548,0.));
#4735=DIRECTION('',(-0.707106781186547,-0.707106781186548,0.));
#4736=DIRECTION('',(0.707106781186548,-0.707106781186547,0.));
#4737=DIRECTION('',(0.707106781186548,-0.707106781186547,0.));
#4738=DIRECTION('',(0.707106781186547,0.707106781186548,0.));
#4739=DIRECTION('',(1.,-6.12303176911189E-17,0.));
#4740=DIRECTION('',(6.12303176911189E-17,1.,0.));
#4741=DIRECTION('',(0.,0.,-1.));
#4742=DIRECTION('',(1.,-6.12303176911189E-17,0.));
#4743=DIRECTION('',(6.12303176911189E-17,1.,0.));
#4744=DIRECTION('',(-1.,6.12303176911189E-17,0.));
#4745=DIRECTION('',(-6.12303176911189E-17,-1.,0.));
#4746=DIRECTION('',(0.,0.,-1.));
#4747=DIRECTION('',(-1.,6.12303176911189E-17,0.));
#4748=DIRECTION('',(-6.12303176911189E-17,-1.,0.));
#4749=DIRECTION('',(-1.,-6.99485272571293E-17,0.));
#4750=DIRECTION('',(6.99485272571293E-17,-1.,0.));
#4751=DIRECTION('',(1.,-6.99485272571293E-17,0.));
#4752=DIRECTION('',(6.99485272571293E-17,1.,0.));
#4753=DIRECTION('',(1.,-6.99485272571293E-17,0.));
#4754=DIRECTION('',(6.99485272571293E-17,1.,0.));
#4755=DIRECTION('',(-1.,-6.99485272571293E-17,0.));
#4756=DIRECTION('',(6.99485272571293E-17,-1.,0.));
#4757=DIRECTION('',(0.,0.,1.));
#4758=DIRECTION('',(1.,0.,0.));
#4759=DIRECTION('',(0.,0.,-1.));
#4760=DIRECTION('',(-1.,0.,0.));
#4761=DIRECTION('',(0.,0.,-1.));
#4762=DIRECTION('',(-1.,0.,0.));
#4763=DIRECTION('',(0.,0.,-1.));
#4764=DIRECTION('',(-1.,0.,0.));
#4765=DIRECTION('',(0.,0.,-1.));
#4766=DIRECTION('',(-1.,0.,0.));
#4767=DIRECTION('',(-0.707106781186548,-0.707106781186548,0.));
#4768=DIRECTION('',(0.707106781186548,-0.707106781186548,0.));
#4769=DIRECTION('',(-0.707106781186544,0.707106781186551,0.));
#4770=DIRECTION('',(-0.707106781186551,-0.707106781186544,0.));
#4771=DIRECTION('',(0.707106781186544,0.707106781186551,0.));
#4772=DIRECTION('',(-0.707106781186551,0.707106781186544,0.));
#4773=DIRECTION('',(0.707106781186544,-0.707106781186551,0.));
#4774=DIRECTION('',(0.707106781186551,0.707106781186544,0.));
#4775=DIRECTION('',(0.,0.,1.));
#4776=DIRECTION('',(1.,0.,0.));
#4777=DIRECTION('',(0.,1.,-3.65204942310907E-15));
#4778=DIRECTION('',(0.,3.65204942310907E-15,1.));
#4779=DIRECTION('',(0.,-8.22322172739734E-16,1.));
#4780=DIRECTION('',(1.,0.,0.));
#4781=DIRECTION('',(0.,-8.22322172739734E-16,1.));
#4782=DIRECTION('',(-1.,0.,0.));
#4783=DIRECTION('',(0.,-1.,-3.65204942310907E-15));
#4784=DIRECTION('',(0.,3.65204942310907E-15,-1.));
#4785=DIRECTION('',(1.,0.,0.));
#4786=DIRECTION('',(0.,8.22322172739687E-16,1.));
#4787=DIRECTION('',(1.,0.,0.));
#4788=DIRECTION('',(0.,8.22322172739712E-16,1.));
#4789=DIRECTION('',(-1.,4.23137732049567E-18,1.55301005655643E-17));
#4790=DIRECTION('',(1.60962286764616E-17,0.262880045105438,0.96482852460184));
#4791=DIRECTION('',(6.12303176911189E-17,1.,0.));
#4792=DIRECTION('',(-1.,0.,0.));
#4793=DIRECTION('',(0.,-1.,-3.71352796603441E-15));
#4794=DIRECTION('',(-2.23616146400636E-31,-3.65204942310907E-15,-1.));
#4795=DIRECTION('',(0.,-1.,3.71352796603441E-15));
#4796=DIRECTION('',(0.,-3.65204942310907E-15,-1.));
#4797=DIRECTION('',(1.,0.,0.));
#4798=DIRECTION('',(0.,0.,-1.));
#4799=DIRECTION('',(0.,1.,0.));
#4800=DIRECTION('',(1.,1.67323224451332E-30,0.));
#4801=DIRECTION('',(0.,0.,-1.));
#4802=DIRECTION('',(0.,-3.65204942310907E-15,1.));
#4803=DIRECTION('',(0.,1.,3.71352796603441E-15));
#4804=DIRECTION('',(-2.23616146400636E-31,-3.65204942310907E-15,1.));
#4805=DIRECTION('',(1.,1.67323224451332E-30,0.));
#4806=DIRECTION('',(1.67323224451332E-30,-1.,3.71352796603441E-15));
#4807=DIRECTION('',(-1.,4.2313773204916E-18,-1.55301005655574E-17));
#4808=DIRECTION('',(1.60962286764539E-17,0.262880045105311,-0.964828524601874));
#4809=DIRECTION('',(0.,1.,0.));
#4810=DIRECTION('',(1.,0.,0.));
#4811=DIRECTION('',(0.,0.,-1.));
#4812=DIRECTION('',(0.,-3.65204942310907E-15,-1.));
#4813=DIRECTION('',(-4.23137732049166E-18,-1.,3.7177593433549E-15));
#4814=DIRECTION('',(-2.23616146400636E-31,-3.65204942310907E-15,-1.));
#4815=DIRECTION('',(-1.,0.,0.));
#4816=DIRECTION('',(0.,-1.,-3.71352796603441E-15));
#4817=DIRECTION('',(6.12303176911189E-17,1.,0.));
#4818=DIRECTION('',(1.,1.67323224451332E-30,0.));
#4819=DIRECTION('',(1.67323224451332E-30,-1.,3.71352796603441E-15));
#4820=DIRECTION('',(-2.23616146400636E-31,-3.65204942310907E-15,1.));
#4821=DIRECTION('',(4.23137732049154E-18,1.,3.70929658871392E-15));
#4822=DIRECTION('',(0.,-3.65204942310907E-15,1.));
#4823=DIRECTION('',(1.,1.67323224451332E-30,0.));
#4824=DIRECTION('',(0.,0.,-1.));
#4825=DIRECTION('',(0.,0.,-1.));
#4826=DIRECTION('',(-1.,0.,0.));
#4827=DIRECTION('',(0.,0.,-1.));
#4828=DIRECTION('',(-1.,0.,0.));
#4829=DIRECTION('',(1.,1.67323224451332E-30,0.));
#4830=DIRECTION('',(1.,0.,0.));
#4831=DIRECTION('',(1.,0.,0.));
#4832=DIRECTION('',(-1.,0.,0.));
#4833=DIRECTION('',(0.,0.,-1.));
#4834=DIRECTION('',(-1.,0.,0.));
#4835=DIRECTION('',(0.,0.,-1.));
#4836=DIRECTION('',(-1.,0.,0.));
#4837=DIRECTION('',(-1.,0.,0.));
#4838=DIRECTION('',(-1.,0.,0.));
#4839=DIRECTION('',(1.,0.,0.));
#4840=DIRECTION('',(1.,1.67323224451332E-30,0.));
#4841=DIRECTION('',(0.,0.,-1.));
#4842=DIRECTION('',(-1.,0.,0.));
#4843=DIRECTION('',(1.,1.67323224451332E-30,0.));
#4844=DIRECTION('',(1.67323224451332E-30,-1.,3.71352796603441E-15));
#4845=DIRECTION('',(-1.,-1.67323224451332E-30,0.));
#4846=DIRECTION('',(0.,0.,-1.));
#4847=DIRECTION('',(2.71050543121376E-16,3.65204942310907E-15,-1.));
#4848=DIRECTION('',(0.,-1.,-3.65204942310907E-15));
#4849=DIRECTION('',(-2.71050543121376E-16,-3.65204942310907E-15,1.));
#4850=DIRECTION('',(1.,1.67323224451332E-30,0.));
#4851=DIRECTION('',(1.67323224451332E-30,-1.,3.71352796603441E-15));
#4852=DIRECTION('',(1.,1.67323224451332E-30,0.));
#4853=DIRECTION('',(0.,0.,-1.));
#4854=DIRECTION('',(1.,0.,0.));
#4855=DIRECTION('',(1.,1.67323224451332E-30,0.));
#4856=DIRECTION('',(0.,0.,-1.));
#4857=DIRECTION('',(1.,0.,0.));
#4858=DIRECTION('',(0.,0.262880045105438,0.96482852460184));
#4859=DIRECTION('',(1.,0.,0.));
#4860=DIRECTION('',(0.,0.96482852460184,-0.262880045105438));
#4861=DIRECTION('',(1.,0.,0.));
#4862=DIRECTION('',(0.,0.96482852460184,-0.262880045105438));
#4863=DIRECTION('',(1.,0.,0.));
#4864=DIRECTION('',(0.707106781186548,-0.185884262532681,-0.682236792428172));
#4865=DIRECTION('',(0.707106781186547,0.185884262532681,0.682236792428173));
#4866=DIRECTION('',(-0.707106781186547,-0.185884262532681,-0.682236792428173));
#4867=DIRECTION('',(0.,0.964828524601841,-0.262880045105433));
#4868=DIRECTION('',(-0.707106781186547,-0.185884262532681,-0.682236792428173));
#4869=DIRECTION('',(0.707106781186548,0.18588426253268,0.682236792428172));
#4870=DIRECTION('',(-0.707106781186547,0.185884262532681,0.682236792428173));
#4871=DIRECTION('',(0.,0.964828524601841,-0.262880045105433));
#4872=DIRECTION('',(0.707106781186547,-0.185884262532681,-0.682236792428173));
#4873=DIRECTION('',(0.707106781186547,-0.185884262532681,-0.682236792428173));
#4874=DIRECTION('',(0.,0.96482852460184,-0.262880045105438));
#4875=DIRECTION('',(0.,0.262880045105438,0.96482852460184));
#4876=DIRECTION('',(1.,0.,0.));
#4877=DIRECTION('',(0.,0.96482852460184,-0.262880045105438));
#4878=DIRECTION('',(0.,0.262880045105438,0.96482852460184));
#4879=DIRECTION('',(1.,0.,0.));
#4880=DIRECTION('',(0.,1.,3.71352796603441E-15));
#4881=DIRECTION('',(0.,1.,3.71352796603441E-15));
#4882=DIRECTION('',(-1.,0.,0.));
#4883=DIRECTION('',(0.,-1.,-3.65204942310907E-15));
#4884=DIRECTION('',(1.,0.,0.));
#4885=DIRECTION('',(-1.,0.,0.));
#4886=DIRECTION('',(0.,-1.,-3.65204942310907E-15));
#4887=DIRECTION('',(1.,0.,0.));
#4888=DIRECTION('',(0.707106781186548,2.62586080690882E-15,-0.707106781186547));
#4889=DIRECTION('',(0.707106781186547,-2.62586080690882E-15,0.707106781186548));
#4890=DIRECTION('',(-0.707106781186547,2.58238891230884E-15,-0.707106781186548));
#4891=DIRECTION('',(-0.707106781186547,2.58238891230884E-15,-0.707106781186548));
#4892=DIRECTION('',(0.,-1.,-3.65204942310907E-15));
#4893=DIRECTION('',(0.,3.65204942310907E-15,-1.));
#4894=DIRECTION('',(0.,1.,3.65204942310907E-15));
#4895=DIRECTION('',(0.,-3.65204942310907E-15,1.));
#4896=DIRECTION('',(0.,-1.,-3.65204942310907E-15));
#4897=DIRECTION('',(0.,-1.,-3.65204942310907E-15));
#4898=DIRECTION('',(-1.,0.,0.));
#4899=DIRECTION('',(0.,-1.,-3.65204942310907E-15));
#4900=DIRECTION('',(0.,3.65204942310907E-15,-1.));
#4901=DIRECTION('',(0.,1.,3.65204942310907E-15));
#4902=DIRECTION('',(-1.,0.,0.));
#4903=DIRECTION('',(0.,-1.,-3.65204942310907E-15));
#4904=DIRECTION('',(1.,0.,0.));
#4905=DIRECTION('',(0.,-1.,-3.65204942310907E-15));
#4906=DIRECTION('',(0.,3.65204942310907E-15,-1.));
#4907=DIRECTION('',(0.,1.,3.65204942310907E-15));
#4908=DIRECTION('',(0.,-3.65204942310907E-15,1.));
#4909=DIRECTION('',(0.,-1.,-3.65204942310907E-15));
#4910=DIRECTION('',(1.,0.,0.));
#4911=DIRECTION('',(0.707106781186548,-2.62586080690882E-15,0.707106781186547));
#4912=DIRECTION('',(-0.707106781186547,-2.62586080690882E-15,0.707106781186548));
#4913=DIRECTION('',(0.707106781186547,2.58238891230884E-15,-0.707106781186548));
#4914=DIRECTION('',(0.707106781186547,2.58238891230884E-15,-0.707106781186548));
#4915=DIRECTION('',(0.,1.,3.65204942310907E-15));
#4916=DIRECTION('',(0.,-3.65204942310907E-15,1.));
#4917=DIRECTION('',(-2.71050543121376E-16,3.65204942310907E-15,-1.));
#4918=DIRECTION('',(1.,0.,0.));
#4919=DIRECTION('',(0.,1.,3.65204942310907E-15));
#4920=DIRECTION('',(0.,-3.65204942310907E-15,1.));
#4921=DIRECTION('',(1.,0.,0.));
#4922=DIRECTION('',(2.71050543121376E-16,-3.65204942310907E-15,1.));
#4923=DIRECTION('',(1.,9.8988997963982E-31,-2.71050543121376E-16));
#4924=DIRECTION('',(-2.71050543121376E-16,0.,-1.));
#4925=DIRECTION('',(-1.,-1.67323224451332E-30,0.));
#4926=DIRECTION('',(0.,0.,-1.));
#4927=DIRECTION('',(1.,1.67323224451332E-30,0.));
#4928=DIRECTION('',(1.67323224451332E-30,-1.,3.71352796603441E-15));
#4929=DIRECTION('',(1.,1.67323224451332E-30,0.));
#4930=DIRECTION('',(0.,0.,-1.));
#4931=DIRECTION('',(1.,1.67323224451332E-30,0.));
#4932=DIRECTION('',(0.,0.,-1.));
#4933=DIRECTION('',(1.,0.,0.));
#4934=DIRECTION('',(0.,1.,3.71352796603441E-15));
#4935=DIRECTION('',(-1.,0.,0.));
#4936=DIRECTION('',(0.,-1.,-3.71352796603441E-15));
#4937=DIRECTION('',(2.71050543121376E-16,-3.65204942310907E-15,-1.));
#4938=DIRECTION('',(0.,1.,-3.65204942310907E-15));
#4939=DIRECTION('',(-2.71050543121376E-16,3.65204942310907E-15,1.));
#4940=DIRECTION('',(-1.,0.,0.));
#4941=DIRECTION('',(0.,0.,-1.));
#4942=DIRECTION('',(-1.,0.,0.));
#4943=DIRECTION('',(0.,0.,-1.));
#4944=DIRECTION('',(1.,0.,0.));
#4945=DIRECTION('',(-1.,0.,0.));
#4946=DIRECTION('',(0.,0.,-1.));
#4947=DIRECTION('',(1.,0.,0.));
#4948=DIRECTION('',(0.,0.262880045105311,-0.964828524601874));
#4949=DIRECTION('',(1.,0.,0.));
#4950=DIRECTION('',(1.,0.,0.));
#4951=DIRECTION('',(0.,-0.964828524601874,-0.262880045105311));
#4952=DIRECTION('',(1.,0.,0.));
#4953=DIRECTION('',(0.,-0.964828524601874,-0.262880045105311));
#4954=DIRECTION('',(-0.707106781186548,-0.185884262532591,0.682236792428197));
#4955=DIRECTION('',(0.707106781186547,-0.185884262532591,0.682236792428197));
#4956=DIRECTION('',(0.,-0.964828524601874,-0.262880045105312));
#4957=DIRECTION('',(-0.707106781186547,0.185884262532591,-0.682236792428197));
#4958=DIRECTION('',(-0.707106781186547,0.185884262532591,-0.682236792428197));
#4959=DIRECTION('',(-0.707106781186548,0.185884262532591,-0.682236792428196));
#4960=DIRECTION('',(-0.707106781186547,-0.185884262532591,0.682236792428198));
#4961=DIRECTION('',(0.707106781186547,0.185884262532591,-0.682236792428198));
#4962=DIRECTION('',(0.,-0.964828524601874,-0.262880045105312));
#4963=DIRECTION('',(0.707106781186547,0.185884262532591,-0.682236792428198));
#4964=DIRECTION('',(0.,-0.964828524601874,-0.262880045105311));
#4965=DIRECTION('',(0.,0.262880045105311,-0.964828524601874));
#4966=DIRECTION('',(1.,0.,0.));
#4967=DIRECTION('',(0.,-0.964828524601874,-0.262880045105311));
#4968=DIRECTION('',(0.,0.262880045105311,-0.964828524601874));
#4969=DIRECTION('',(1.,0.,0.));
#4970=DIRECTION('',(0.,-1.,3.71352796603441E-15));
#4971=DIRECTION('',(0.,-1.,3.71352796603441E-15));
#4972=DIRECTION('',(1.,0.,0.));
#4973=DIRECTION('',(0.,1.,-3.65204942310907E-15));
#4974=DIRECTION('',(1.,0.,0.));
#4975=DIRECTION('',(1.,0.,0.));
#4976=DIRECTION('',(0.,1.,-3.65204942310907E-15));
#4977=DIRECTION('',(1.,0.,0.));
#4978=DIRECTION('',(-0.707106781186548,2.62586080690882E-15,0.707106781186547));
#4979=DIRECTION('',(0.707106781186547,2.62586080690882E-15,0.707106781186548));
#4980=DIRECTION('',(-0.707106781186547,-2.58238891230884E-15,-0.707106781186548));
#4981=DIRECTION('',(-0.707106781186547,-2.58238891230884E-15,-0.707106781186548));
#4982=DIRECTION('',(0.,1.,-3.65204942310907E-15));
#4983=DIRECTION('',(0.,3.65204942310907E-15,1.));
#4984=DIRECTION('',(0.,-1.,3.65204942310907E-15));
#4985=DIRECTION('',(0.,-3.65204942310907E-15,-1.));
#4986=DIRECTION('',(0.,1.,-3.65204942310907E-15));
#4987=DIRECTION('',(0.,1.,-3.65204942310907E-15));
#4988=DIRECTION('',(-1.,0.,0.));
#4989=DIRECTION('',(0.,1.,-3.65204942310907E-15));
#4990=DIRECTION('',(0.,-3.65204942310907E-15,-1.));
#4991=DIRECTION('',(0.,1.,-3.65204942310907E-15));
#4992=DIRECTION('',(1.,0.,0.));
#4993=DIRECTION('',(-1.,0.,0.));
#4994=DIRECTION('',(0.,1.,-3.65204942310907E-15));
#4995=DIRECTION('',(0.,1.,-3.65204942310907E-15));
#4996=DIRECTION('',(0.,3.65204942310907E-15,1.));
#4997=DIRECTION('',(0.,-1.,3.65204942310907E-15));
#4998=DIRECTION('',(0.,-3.65204942310907E-15,-1.));
#4999=DIRECTION('',(0.,1.,-3.65204942310907E-15));
#5000=DIRECTION('',(1.,0.,0.));
#5001=DIRECTION('',(-0.707106781186548,-2.62586080690882E-15,-0.707106781186547));
#5002=DIRECTION('',(-0.707106781186547,2.62586080690882E-15,0.707106781186548));
#5003=DIRECTION('',(0.707106781186547,-2.58238891230884E-15,-0.707106781186548));
#5004=DIRECTION('',(0.707106781186547,-2.58238891230884E-15,-0.707106781186548));
#5005=DIRECTION('',(0.,-1.,3.65204942310907E-15));
#5006=DIRECTION('',(0.,-3.65204942310907E-15,-1.));
#5007=DIRECTION('',(-2.71050543121376E-16,-3.65204942310907E-15,-1.));
#5008=DIRECTION('',(1.,0.,0.));
#5009=DIRECTION('',(0.,-1.,3.65204942310907E-15));
#5010=DIRECTION('',(0.,-3.65204942310907E-15,-1.));
#5011=DIRECTION('',(1.,0.,0.));
#5012=DIRECTION('',(2.71050543121376E-16,3.65204942310907E-15,1.));
#5013=DIRECTION('',(1.,-9.8988997963982E-31,-2.71050543121376E-16));
#5014=DIRECTION('',(-2.71050543121376E-16,0.,-1.));
#5015=DIRECTION('',(-1.,0.,0.));
#5016=DIRECTION('',(0.,-1.,-3.71352796603441E-15));
#5017=DIRECTION('',(-1.,0.,0.));
#5018=DIRECTION('',(0.,0.,-1.));
#5019=DIRECTION('',(-1.,0.,0.));
#5020=DIRECTION('',(0.,0.,-1.));
#5021=DIRECTION('',(-1.,0.,0.));
#5022=DIRECTION('',(0.,0.,-1.));
#5023=DIRECTION('',(-5.55111512312578E-17,5.55111512312578E-17,1.));
#5024=DIRECTION('',(1.,-1.11022302462516E-16,5.55111512312578E-17));
#5025=CARTESIAN_POINT('',(0.,0.,0.));
#5026=CARTESIAN_POINT('',(1.175,2.9,1.9));
#5027=CARTESIAN_POINT('',(-1.13939393939394,2.93560606060606,1.61515151515151));
#5028=CARTESIAN_POINT('',(-1.16952521709118,2.90547478290882,1.85620173672946));
#5029=CARTESIAN_POINT('',(-1.075,3.,1.1));
#5030=CARTESIAN_POINT('',(1.175,2.90547478290882,1.85620173672946));
#5031=CARTESIAN_POINT('',(1.16952521709118,2.90547478290882,1.85620173672946));
#5032=CARTESIAN_POINT('',(1.175,2.9,1.9));
#5033=CARTESIAN_POINT('',(1.075,3.,1.1));
#5034=CARTESIAN_POINT('',(1.175,3.,1.1));
#5035=CARTESIAN_POINT('',(1.175,3.,1.1));
#5036=CARTESIAN_POINT('',(-1.075,3.,9.70015302346053));
#5037=CARTESIAN_POINT('',(-1.075,3.,1.));
#5038=CARTESIAN_POINT('',(1.075,3.,9.70015302346053));
#5039=CARTESIAN_POINT('',(1.075,3.,1.));
#5040=CARTESIAN_POINT('',(1.175,3.,1.));
#5041=CARTESIAN_POINT('',(1.175,3.,1.));
#5042=CARTESIAN_POINT('',(0.0500000000000108,4.125,1.));
#5043=CARTESIAN_POINT('',(-1.175,2.9,1.));
#5044=CARTESIAN_POINT('',(1.125,2.95,1.));
#5045=CARTESIAN_POINT('',(1.175,2.9,1.));
#5046=CARTESIAN_POINT('',(1.175,2.9,1.));
#5047=CARTESIAN_POINT('',(1.175,2.9,1.));
#5048=CARTESIAN_POINT('',(1.175,2.85,1.85));
#5049=CARTESIAN_POINT('',(1.175,2.85,1.9));
#5050=CARTESIAN_POINT('',(1.175,2.9,1.85));
#5051=CARTESIAN_POINT('',(1.175,2.9,9.70015302346053));
#5052=CARTESIAN_POINT('',(1.175,2.9,1.87348912272917));
#5053=CARTESIAN_POINT('',(1.175,2.85586088907313,1.85));
#5054=CARTESIAN_POINT('',(1.175,2.85586088907313,1.9));
#5055=CARTESIAN_POINT('',(1.175,-2.9,1.9));
#5056=CARTESIAN_POINT('',(-3.1,2.85586088907313,1.85));
#5057=CARTESIAN_POINT('',(-1.21913911092687,2.85586088907313,1.85));
#5058=CARTESIAN_POINT('',(-1.175,2.9,1.87348912272917));
#5059=CARTESIAN_POINT('',(-1.175,2.85586088907313,1.85));
#5060=CARTESIAN_POINT('',(-1.175,2.85586088907313,1.9));
#5061=CARTESIAN_POINT('',(-3.1,2.85586088907313,1.9));
#5062=CARTESIAN_POINT('',(1.21913911092687,2.85586088907313,1.85));
#5063=CARTESIAN_POINT('',(1.175,-2.9,1.9));
#5064=CARTESIAN_POINT('',(1.175,-3.,1.1));
#5065=CARTESIAN_POINT('',(1.075,-3.,1.1));
#5066=CARTESIAN_POINT('',(-1.075,-3.,1.1));
#5067=CARTESIAN_POINT('',(1.175,-2.9,1.9));
#5068=CARTESIAN_POINT('',(1.16952521709118,-2.90547478290882,1.85620173672946));
#5069=CARTESIAN_POINT('',(-1.175,-2.90547478290882,1.85620173672946));
#5070=CARTESIAN_POINT('',(-1.16952521709118,-2.90547478290882,1.85620173672946));
#5071=CARTESIAN_POINT('',(-1.13939393939394,-2.93560606060606,1.61515151515151));
#5072=CARTESIAN_POINT('',(1.175,-3.,1.1));
#5073=CARTESIAN_POINT('',(1.175,-3.,1.));
#5074=CARTESIAN_POINT('',(1.075,-3.,1.));
#5075=CARTESIAN_POINT('',(-1.075,-3.,1.));
#5076=CARTESIAN_POINT('',(1.075,-3.,9.70015302346053));
#5077=CARTESIAN_POINT('',(-1.075,-3.,9.70015302346053));
#5078=CARTESIAN_POINT('',(1.175,-3.,1.));
#5079=CARTESIAN_POINT('',(1.175,-2.9,1.));
#5080=CARTESIAN_POINT('',(1.175,-2.9,1.));
#5081=CARTESIAN_POINT('',(-1.175,-2.9,1.));
#5082=CARTESIAN_POINT('',(1.125,-2.95,1.));
#5083=CARTESIAN_POINT('',(0.0500000000000006,-4.125,1.));
#5084=CARTESIAN_POINT('',(-1.175,-2.9,1.));
#5085=CARTESIAN_POINT('',(-1.175,-2.85,1.85));
#5086=CARTESIAN_POINT('',(-1.175,-2.85,1.9));
#5087=CARTESIAN_POINT('',(-1.175,-2.9,1.85));
#5088=CARTESIAN_POINT('',(-1.175,-2.9,9.70015302346053));
#5089=CARTESIAN_POINT('',(-1.175,-2.9,1.87348912272917));
#5090=CARTESIAN_POINT('',(-1.175,-2.85586088907313,1.85));
#5091=CARTESIAN_POINT('',(-1.175,-2.85586088907313,1.9));
#5092=CARTESIAN_POINT('',(-1.175,-2.9,1.9));
#5093=CARTESIAN_POINT('',(1.175,-2.85586088907313,1.85));
#5094=CARTESIAN_POINT('',(1.21913911092687,-2.85586088907313,1.85));
#5095=CARTESIAN_POINT('',(1.175,-2.9,1.87348912272917));
#5096=CARTESIAN_POINT('',(1.175,-2.85586088907313,1.85));
#5097=CARTESIAN_POINT('',(1.175,-2.85586088907313,1.9));
#5098=CARTESIAN_POINT('',(1.175,-2.85586088907313,1.9));
#5099=CARTESIAN_POINT('',(-1.21913911092687,-2.85586088907313,1.85));
#5100=CARTESIAN_POINT('',(-4.125,-8.67361737988404E-16,1.));
#5101=CARTESIAN_POINT('',(-1.475,2.65,1.));
#5102=CARTESIAN_POINT('',(-1.475,2.65,1.));
#5103=CARTESIAN_POINT('',(-2.85,1.275,1.));
#5104=CARTESIAN_POINT('',(-2.85,1.275,1.));
#5105=CARTESIAN_POINT('',(-2.85,-1.275,1.));
#5106=CARTESIAN_POINT('',(-2.85,-1.275,1.));
#5107=CARTESIAN_POINT('',(-1.475,-2.65,1.));
#5108=CARTESIAN_POINT('',(-1.475,-2.65,1.));
#5109=CARTESIAN_POINT('',(1.475,-2.65,1.));
#5110=CARTESIAN_POINT('',(1.475,-2.65,1.));
#5111=CARTESIAN_POINT('',(2.85,-1.275,1.));
#5112=CARTESIAN_POINT('',(2.85,-1.275,1.));
#5113=CARTESIAN_POINT('',(2.85,1.275,1.));
#5114=CARTESIAN_POINT('',(2.85,1.275,1.));
#5115=CARTESIAN_POINT('',(1.475,2.65,1.));
#5116=CARTESIAN_POINT('',(1.475,2.65,1.));
#5117=CARTESIAN_POINT('',(0.,0.,0.999999999999999));
#5118=CARTESIAN_POINT('',(1.5,0.,0.999999999999999));
#5119=CARTESIAN_POINT('',(3.1,2.9,1.9));
#5120=CARTESIAN_POINT('',(-1.175,2.9,1.));
#5121=CARTESIAN_POINT('',(-1.175,2.9,1.85));
#5122=CARTESIAN_POINT('',(1.175,2.9,1.));
#5123=CARTESIAN_POINT('',(1.85,2.9,1.85));
#5124=CARTESIAN_POINT('',(1.85,2.9,1.85));
#5125=CARTESIAN_POINT('',(1.85,2.9,1.9));
#5126=CARTESIAN_POINT('',(1.85,2.9,1.7));
#5127=CARTESIAN_POINT('',(3.1,2.9,1.7));
#5128=CARTESIAN_POINT('',(3.1,2.9,1.7));
#5129=CARTESIAN_POINT('',(3.1,2.9,1.9));
#5130=CARTESIAN_POINT('',(3.1,2.9,0.));
#5131=CARTESIAN_POINT('',(3.1,2.9,0.));
#5132=CARTESIAN_POINT('',(-3.1,2.9,0.));
#5133=CARTESIAN_POINT('',(-3.1,2.9,1.9));
#5134=CARTESIAN_POINT('',(-3.1,2.9,1.7));
#5135=CARTESIAN_POINT('',(-3.1,2.9,1.7));
#5136=CARTESIAN_POINT('',(-1.85,2.9,1.7));
#5137=CARTESIAN_POINT('',(-1.85,2.9,11.1389071760745));
#5138=CARTESIAN_POINT('',(-1.85,2.9,1.85));
#5139=CARTESIAN_POINT('',(-1.175,2.9,1.85));
#5140=CARTESIAN_POINT('',(-3.1,-2.9,1.9));
#5141=CARTESIAN_POINT('',(-2.85,-2.9,1.9));
#5142=CARTESIAN_POINT('',(-2.85,-1.275,1.9));
#5143=CARTESIAN_POINT('',(-2.85,1.275,1.9));
#5144=CARTESIAN_POINT('',(-5.0625,-0.937500000000002,1.9));
#5145=CARTESIAN_POINT('',(-2.475,1.65,1.9));
#5146=CARTESIAN_POINT('',(-3.1,1.65,1.9));
#5147=CARTESIAN_POINT('',(-3.1,1.65,1.9));
#5148=CARTESIAN_POINT('',(-3.1,2.9,1.9));
#5149=CARTESIAN_POINT('',(-3.1,-1.65,1.9));
#5150=CARTESIAN_POINT('',(-3.1,-1.65,1.9));
#5151=CARTESIAN_POINT('',(-2.475,-1.65,1.9));
#5152=CARTESIAN_POINT('',(-2.1625,-1.9625,1.9));
#5153=CARTESIAN_POINT('',(-3.1,-2.9,1.9));
#5154=CARTESIAN_POINT('',(1.175,-2.9,1.9));
#5155=CARTESIAN_POINT('',(1.175,-2.85,1.9));
#5156=CARTESIAN_POINT('',(1.85,-2.85,1.9));
#5157=CARTESIAN_POINT('',(1.85,-2.85,1.9));
#5158=CARTESIAN_POINT('',(1.85,-2.9,1.9));
#5159=CARTESIAN_POINT('',(1.85,-2.275,1.9));
#5160=CARTESIAN_POINT('',(-0.937499999999995,-5.0625,1.9));
#5161=CARTESIAN_POINT('',(1.475,-2.65,1.9));
#5162=CARTESIAN_POINT('',(-3.1,-2.65,1.9));
#5163=CARTESIAN_POINT('',(-1.475,-2.65,1.9));
#5164=CARTESIAN_POINT('',(-2.1625,-1.9625,1.9));
#5165=CARTESIAN_POINT('',(-1.85,-2.275,1.9));
#5166=CARTESIAN_POINT('',(-1.85,-2.9,1.9));
#5167=CARTESIAN_POINT('',(-1.85,-2.85,1.9));
#5168=CARTESIAN_POINT('',(-1.175,-2.85,1.9));
#5169=CARTESIAN_POINT('',(-3.1,-2.9,1.9));
#5170=CARTESIAN_POINT('',(2.85,-2.9,1.9));
#5171=CARTESIAN_POINT('',(2.85,1.275,1.9));
#5172=CARTESIAN_POINT('',(2.85,-1.275,1.9));
#5173=CARTESIAN_POINT('',(-0.937499999999995,-5.0625,1.9));
#5174=CARTESIAN_POINT('',(2.475,-1.65,1.9));
#5175=CARTESIAN_POINT('',(-3.1,-1.65,1.9));
#5176=CARTESIAN_POINT('',(3.1,-1.65,1.9));
#5177=CARTESIAN_POINT('',(3.1,-2.9,1.9));
#5178=CARTESIAN_POINT('',(3.1,1.65,1.9));
#5179=CARTESIAN_POINT('',(-3.1,1.65,1.9));
#5180=CARTESIAN_POINT('',(2.475,1.65,1.9));
#5181=CARTESIAN_POINT('',(1.9625,2.1625,1.9));
#5182=CARTESIAN_POINT('',(-3.1,-2.9,1.9));
#5183=CARTESIAN_POINT('',(-1.175,2.9,1.9));
#5184=CARTESIAN_POINT('',(-1.175,2.85,1.9));
#5185=CARTESIAN_POINT('',(-1.85,2.85,1.9));
#5186=CARTESIAN_POINT('',(-1.85,2.85,1.9));
#5187=CARTESIAN_POINT('',(-1.85,-2.9,1.9));
#5188=CARTESIAN_POINT('',(-1.85,2.275,1.9));
#5189=CARTESIAN_POINT('',(-5.0625,-0.937500000000002,1.9));
#5190=CARTESIAN_POINT('',(-1.475,2.65,1.9));
#5191=CARTESIAN_POINT('',(-3.1,2.65,1.9));
#5192=CARTESIAN_POINT('',(1.475,2.65,1.9));
#5193=CARTESIAN_POINT('',(1.9625,2.1625,1.9));
#5194=CARTESIAN_POINT('',(1.85,2.275,1.9));
#5195=CARTESIAN_POINT('',(1.85,-2.9,1.9));
#5196=CARTESIAN_POINT('',(1.85,2.85,1.9));
#5197=CARTESIAN_POINT('',(1.175,2.85,1.9));
#5198=CARTESIAN_POINT('',(-1.85,-2.9,11.1389071760745));
#5199=CARTESIAN_POINT('',(-1.85,-2.9,11.1389071760745));
#5200=CARTESIAN_POINT('',(-1.85,-2.9,1.85));
#5201=CARTESIAN_POINT('',(-1.85,-2.9,1.7));
#5202=CARTESIAN_POINT('',(-1.85,-2.85,1.85));
#5203=CARTESIAN_POINT('',(-1.85,-2.275,11.1389071760745));
#5204=CARTESIAN_POINT('',(-1.85,-2.275,1.7));
#5205=CARTESIAN_POINT('',(-1.85,-2.9,1.7));
#5206=CARTESIAN_POINT('',(-1.85,-1.65,11.1389071760745));
#5207=CARTESIAN_POINT('',(-1.85,-1.65,1.7));
#5208=CARTESIAN_POINT('',(-2.475,-1.65,1.7));
#5209=CARTESIAN_POINT('',(-3.1,-1.65,1.7));
#5210=CARTESIAN_POINT('',(-2.475,-1.65,11.1389071760745));
#5211=CARTESIAN_POINT('',(-3.1,-1.65,11.1389071760745));
#5212=CARTESIAN_POINT('',(-3.1,-2.9,1.7));
#5213=CARTESIAN_POINT('',(-2.1625,-1.9625,1.7));
#5214=CARTESIAN_POINT('',(-3.1,-1.65,1.7));
#5215=CARTESIAN_POINT('',(-3.1,-2.9,1.7));
#5216=CARTESIAN_POINT('',(-3.1,-2.9,1.7));
#5217=CARTESIAN_POINT('',(1.85,-2.9,11.1389071760745));
#5218=CARTESIAN_POINT('',(1.85,-2.85,1.85));
#5219=CARTESIAN_POINT('',(1.85,-2.9,1.85));
#5220=CARTESIAN_POINT('',(1.85,-2.9,11.1389071760745));
#5221=CARTESIAN_POINT('',(1.85,-2.9,1.7));
#5222=CARTESIAN_POINT('',(1.85,-2.9,1.7));
#5223=CARTESIAN_POINT('',(1.85,-2.275,1.7));
#5224=CARTESIAN_POINT('',(1.85,-2.275,11.1389071760745));
#5225=CARTESIAN_POINT('',(1.85,-1.65,11.1389071760745));
#5226=CARTESIAN_POINT('',(2.475,-1.65,11.1389071760745));
#5227=CARTESIAN_POINT('',(2.475,-1.65,1.7));
#5228=CARTESIAN_POINT('',(1.85,-1.65,1.7));
#5229=CARTESIAN_POINT('',(3.1,-1.65,1.7));
#5230=CARTESIAN_POINT('',(3.1,-1.65,1.9));
#5231=CARTESIAN_POINT('',(3.1,-2.9,1.7));
#5232=CARTESIAN_POINT('',(2.1625,-1.9625,1.7));
#5233=CARTESIAN_POINT('',(3.1,-2.9,1.7));
#5234=CARTESIAN_POINT('',(3.1,-2.9,1.7));
#5235=CARTESIAN_POINT('',(3.1,-1.65,1.7));
#5236=CARTESIAN_POINT('',(1.85,1.65,11.1389071760745));
#5237=CARTESIAN_POINT('',(1.85,1.65,1.7));
#5238=CARTESIAN_POINT('',(2.475,1.65,1.7));
#5239=CARTESIAN_POINT('',(3.1,1.65,1.7));
#5240=CARTESIAN_POINT('',(2.475,1.65,11.1389071760745));
#5241=CARTESIAN_POINT('',(3.1,1.65,11.1389071760745));
#5242=CARTESIAN_POINT('',(1.85,2.9,11.1389071760745));
#5243=CARTESIAN_POINT('',(1.85,2.85,1.85));
#5244=CARTESIAN_POINT('',(1.85,2.275,11.1389071760745));
#5245=CARTESIAN_POINT('',(1.85,2.275,1.7));
#5246=CARTESIAN_POINT('',(1.85,2.9,1.7));
#5247=CARTESIAN_POINT('',(3.1,2.9,1.7));
#5248=CARTESIAN_POINT('',(2.1625,1.9625,1.7));
#5249=CARTESIAN_POINT('',(3.1,1.65,1.7));
#5250=CARTESIAN_POINT('',(-1.85,2.9,11.1389071760745));
#5251=CARTESIAN_POINT('',(-1.85,2.85,1.85));
#5252=CARTESIAN_POINT('',(-1.85,2.9,1.7));
#5253=CARTESIAN_POINT('',(-1.85,2.275,1.7));
#5254=CARTESIAN_POINT('',(-1.85,2.275,11.1389071760745));
#5255=CARTESIAN_POINT('',(-1.85,1.65,11.1389071760745));
#5256=CARTESIAN_POINT('',(-2.475,1.65,11.1389071760745));
#5257=CARTESIAN_POINT('',(-2.475,1.65,1.7));
#5258=CARTESIAN_POINT('',(-1.85,1.65,1.7));
#5259=CARTESIAN_POINT('',(-3.1,1.65,1.7));
#5260=CARTESIAN_POINT('',(-3.1,1.65,1.9));
#5261=CARTESIAN_POINT('',(-3.1,2.9,1.7));
#5262=CARTESIAN_POINT('',(-2.1625,1.9625,1.7));
#5263=CARTESIAN_POINT('',(-3.1,1.65,1.7));
#5264=CARTESIAN_POINT('',(3.1,-2.9,1.9));
#5265=CARTESIAN_POINT('',(3.1,-2.9,1.9));
#5266=CARTESIAN_POINT('',(3.1,-2.9,0.));
#5267=CARTESIAN_POINT('',(3.1,-2.9,0.));
#5268=CARTESIAN_POINT('',(3.1,-2.3505,0.));
#5269=CARTESIAN_POINT('',(3.1,-2.3505,0.151));
#5270=CARTESIAN_POINT('',(3.1,-2.3505,0.151));
#5271=CARTESIAN_POINT('',(3.1,-2.3505,0.151));
#5272=CARTESIAN_POINT('',(3.1,-1.6495,0.151));
#5273=CARTESIAN_POINT('',(3.1,-1.6495,0.151));
#5274=CARTESIAN_POINT('',(3.1,-1.6495,0.));
#5275=CARTESIAN_POINT('',(3.1,-2.9,0.));
#5276=CARTESIAN_POINT('',(3.1,1.6495,0.));
#5277=CARTESIAN_POINT('',(3.1,1.6495,0.151));
#5278=CARTESIAN_POINT('',(3.1,1.6495,0.151));
#5279=CARTESIAN_POINT('',(3.1,2.3505,0.151));
#5280=CARTESIAN_POINT('',(3.1,2.3505,0.151));
#5281=CARTESIAN_POINT('',(3.1,2.3505,0.151));
#5282=CARTESIAN_POINT('',(3.1,2.3505,0.));
#5283=CARTESIAN_POINT('',(3.1,-2.9,0.));
#5284=CARTESIAN_POINT('',(-3.1,2.9,1.9));
#5285=CARTESIAN_POINT('',(-3.1,2.9,0.));
#5286=CARTESIAN_POINT('',(-3.1,2.3505,0.));
#5287=CARTESIAN_POINT('',(-3.1,2.3505,0.151));
#5288=CARTESIAN_POINT('',(-3.1,2.3505,0.151));
#5289=CARTESIAN_POINT('',(-3.1,2.3505,0.151));
#5290=CARTESIAN_POINT('',(-3.1,1.6495,0.151));
#5291=CARTESIAN_POINT('',(-3.1,1.6495,0.151));
#5292=CARTESIAN_POINT('',(-3.1,1.6495,0.));
#5293=CARTESIAN_POINT('',(-3.1,2.9,0.));
#5294=CARTESIAN_POINT('',(-3.1,-1.6495,0.));
#5295=CARTESIAN_POINT('',(-3.1,-1.6495,0.151));
#5296=CARTESIAN_POINT('',(-3.1,-1.6495,0.151));
#5297=CARTESIAN_POINT('',(-3.1,-2.3505,0.151));
#5298=CARTESIAN_POINT('',(-3.1,-2.3505,0.151));
#5299=CARTESIAN_POINT('',(-3.1,-2.3505,0.151));
#5300=CARTESIAN_POINT('',(-3.1,-2.3505,0.));
#5301=CARTESIAN_POINT('',(-3.1,2.9,0.));
#5302=CARTESIAN_POINT('',(-3.1,-2.9,0.));
#5303=CARTESIAN_POINT('',(-3.1,-2.9,1.9));
#5304=CARTESIAN_POINT('',(-3.1,-2.9,1.9));
#5305=CARTESIAN_POINT('',(1.175,-2.9,1.));
#5306=CARTESIAN_POINT('',(1.175,-2.9,1.85));
#5307=CARTESIAN_POINT('',(-1.175,-2.9,1.));
#5308=CARTESIAN_POINT('',(-1.85,-2.9,1.85));
#5309=CARTESIAN_POINT('',(-3.1,-2.9,0.));
#5310=CARTESIAN_POINT('',(1.175,-2.9,1.85));
#5311=CARTESIAN_POINT('',(3.1,-1.6495,0.151));
#5312=CARTESIAN_POINT('',(2.4,-2.3505,0.151));
#5313=CARTESIAN_POINT('',(2.4,-2.3505,0.151));
#5314=CARTESIAN_POINT('',(2.4,-1.6495,0.151));
#5315=CARTESIAN_POINT('',(2.4,-1.6495,0.151));
#5316=CARTESIAN_POINT('',(3.1,-1.6495,0.151));
#5317=CARTESIAN_POINT('',(2.61279344438427,0.,0.151));
#5318=CARTESIAN_POINT('',(2.61279344438427,-1.65,0.151));
#5319=CARTESIAN_POINT('',(2.61279344438427,-2.35,0.151));
#5320=CARTESIAN_POINT('',(3.1,-1.65,0.151));
#5321=CARTESIAN_POINT('',(2.4125170595083,-1.65,0.151));
#5322=CARTESIAN_POINT('',(2.4125170595083,0.,0.151));
#5323=CARTESIAN_POINT('',(2.4125170595083,-2.35,0.151));
#5324=CARTESIAN_POINT('',(3.1,-2.35,0.151));
#5325=CARTESIAN_POINT('',(-3.1,1.6495,0.151));
#5326=CARTESIAN_POINT('',(-2.39999999999999,2.3505,0.151));
#5327=CARTESIAN_POINT('',(-2.39999999999999,2.3505,0.151));
#5328=CARTESIAN_POINT('',(-2.39999999999999,1.6495,0.151));
#5329=CARTESIAN_POINT('',(-2.39999999999999,1.6495,0.151));
#5330=CARTESIAN_POINT('',(-3.1,1.6495,0.151));
#5331=CARTESIAN_POINT('',(-2.61279344438427,0.,0.151));
#5332=CARTESIAN_POINT('',(-2.61279344438427,1.65,0.151));
#5333=CARTESIAN_POINT('',(-2.61279344438427,2.35,0.151));
#5334=CARTESIAN_POINT('',(-3.1,1.65,0.151));
#5335=CARTESIAN_POINT('',(-2.41251705950829,1.65,0.151));
#5336=CARTESIAN_POINT('',(-2.41251705950829,0.,0.151));
#5337=CARTESIAN_POINT('',(-2.41251705950829,2.35,0.151));
#5338=CARTESIAN_POINT('',(-3.1,2.35,0.151));
#5339=CARTESIAN_POINT('',(-3.1,-2.9,0.));
#5340=CARTESIAN_POINT('',(-2.4,-1.6495,0.));
#5341=CARTESIAN_POINT('',(-2.39999999999999,-1.6495,0.));
#5342=CARTESIAN_POINT('',(-2.4,-2.3505,0.));
#5343=CARTESIAN_POINT('',(-3.1,-1.6495,0.));
#5344=CARTESIAN_POINT('',(-3.1,1.6495,0.));
#5345=CARTESIAN_POINT('',(-2.39999999999999,1.6495,0.));
#5346=CARTESIAN_POINT('',(-2.39999999999999,1.6495,0.));
#5347=CARTESIAN_POINT('',(-2.39999999999999,2.3505,0.));
#5348=CARTESIAN_POINT('',(-2.39999999999999,2.3505,0.));
#5349=CARTESIAN_POINT('',(2.4,2.3505,0.));
#5350=CARTESIAN_POINT('',(2.4,2.3505,0.));
#5351=CARTESIAN_POINT('',(2.4,1.6495,0.));
#5352=CARTESIAN_POINT('',(2.4,1.6495,0.));
#5353=CARTESIAN_POINT('',(3.1,1.6495,0.));
#5354=CARTESIAN_POINT('',(3.1,-1.6495,0.));
#5355=CARTESIAN_POINT('',(2.4,-1.6495,0.));
#5356=CARTESIAN_POINT('',(2.4,-1.6495,0.));
#5357=CARTESIAN_POINT('',(2.4,-2.3505,0.));
#5358=CARTESIAN_POINT('',(2.4,-2.3505,0.));
#5359=CARTESIAN_POINT('',(-2.39999999999999,-2.3505,0.));
#5360=CARTESIAN_POINT('',(3.1,-1.6495,0.151));
#5361=CARTESIAN_POINT('',(2.4,-1.6495,0.151));
#5362=CARTESIAN_POINT('',(2.4,-1.6495,0.151));
#5363=CARTESIAN_POINT('',(2.4,-2.3505,0.151));
#5364=CARTESIAN_POINT('',(2.4,-2.3505,0.151));
#5365=CARTESIAN_POINT('',(3.1,1.6495,0.151));
#5366=CARTESIAN_POINT('',(2.4,1.6495,0.151));
#5367=CARTESIAN_POINT('',(2.4,1.6495,0.151));
#5368=CARTESIAN_POINT('',(3.1,1.6495,0.151));
#5369=CARTESIAN_POINT('',(2.4,1.6495,0.151));
#5370=CARTESIAN_POINT('',(2.4,2.3505,0.151));
#5371=CARTESIAN_POINT('',(2.4,2.3505,0.151));
#5372=CARTESIAN_POINT('',(2.4,1.6495,0.151));
#5373=CARTESIAN_POINT('',(2.4,2.3505,0.151));
#5374=CARTESIAN_POINT('',(2.4,2.3505,0.151));
#5375=CARTESIAN_POINT('',(3.1,1.6495,0.151));
#5376=CARTESIAN_POINT('',(2.61279344438427,0.,0.151));
#5377=CARTESIAN_POINT('',(2.61279344438427,2.35,0.151));
#5378=CARTESIAN_POINT('',(2.61279344438427,1.65,0.151));
#5379=CARTESIAN_POINT('',(3.1,2.35,0.151));
#5380=CARTESIAN_POINT('',(2.4125170595083,2.35,0.151));
#5381=CARTESIAN_POINT('',(2.4125170595083,0.,0.151));
#5382=CARTESIAN_POINT('',(2.4125170595083,1.65,0.151));
#5383=CARTESIAN_POINT('',(3.1,1.65,0.151));
#5384=CARTESIAN_POINT('',(-3.1,1.6495,0.151));
#5385=CARTESIAN_POINT('',(-2.39999999999999,1.6495,0.151));
#5386=CARTESIAN_POINT('',(-2.39999999999999,1.6495,0.151));
#5387=CARTESIAN_POINT('',(-2.39999999999999,2.3505,0.151));
#5388=CARTESIAN_POINT('',(-2.39999999999999,2.3505,0.151));
#5389=CARTESIAN_POINT('',(-3.1,-1.6495,0.151));
#5390=CARTESIAN_POINT('',(-2.39999999999999,-1.6495,0.151));
#5391=CARTESIAN_POINT('',(-2.39999999999999,-1.6495,0.151));
#5392=CARTESIAN_POINT('',(-3.1,-1.6495,0.151));
#5393=CARTESIAN_POINT('',(-2.4,-1.6495,0.151));
#5394=CARTESIAN_POINT('',(-2.4,-2.3505,0.151));
#5395=CARTESIAN_POINT('',(-2.4,-2.3505,0.151));
#5396=CARTESIAN_POINT('',(-2.4,-1.6495,0.151));
#5397=CARTESIAN_POINT('',(-2.39999999999999,-2.3505,0.151));
#5398=CARTESIAN_POINT('',(-2.39999999999999,-2.3505,0.151));
#5399=CARTESIAN_POINT('',(-3.1,-1.6495,0.151));
#5400=CARTESIAN_POINT('',(-2.61279344438427,0.,0.151));
#5401=CARTESIAN_POINT('',(-2.61279344438427,-2.35,0.151));
#5402=CARTESIAN_POINT('',(-2.61279344438427,-1.65,0.151));
#5403=CARTESIAN_POINT('',(-3.1,-2.35,0.151));
#5404=CARTESIAN_POINT('',(-2.41251705950829,-2.35,0.151));
#5405=CARTESIAN_POINT('',(-2.41251705950829,0.,0.151));
#5406=CARTESIAN_POINT('',(-2.41251705950829,-1.65,0.151));
#5407=CARTESIAN_POINT('',(-3.1,-1.65,0.151));
#5408=CARTESIAN_POINT('',(-3.45573956570117,1.65,1.2));
#5409=CARTESIAN_POINT('',(-2.625,1.65,0.225));
#5410=CARTESIAN_POINT('',(-2.625,1.65,-1.15196480826585E-15));
#5411=CARTESIAN_POINT('',(-2.625,1.65,0.225));
#5412=CARTESIAN_POINT('',(-2.625,1.65,0.150000000000001));
#5413=CARTESIAN_POINT('',(-3.1,1.65,0.150000000000001));
#5414=CARTESIAN_POINT('',(-3.1,1.65,0.150000000000001));
#5415=CARTESIAN_POINT('',(-3.1,1.65,0.225000000000001));
#5416=CARTESIAN_POINT('',(-3.17213021714941,1.65,0.204451720899832));
#5417=CARTESIAN_POINT('',(-3.45573956570117,1.65,1.2));
#5418=CARTESIAN_POINT('',(-3.45573956570117,1.65,1.2));
#5419=CARTESIAN_POINT('',(-3.45573956570117,1.65,1.2));
#5420=CARTESIAN_POINT('',(-3.6,1.65,1.15890344179966));
#5421=CARTESIAN_POINT('',(-3.6,1.65,1.15890344179966));
#5422=CARTESIAN_POINT('',(-3.31639065144824,1.65,0.163355162699495));
#5423=CARTESIAN_POINT('',(-3.1,1.65,0.225000000000001));
#5424=CARTESIAN_POINT('',(-3.1,1.65,-9.75781955236954E-16));
#5425=CARTESIAN_POINT('',(-3.1,1.65,-4.33680868994202E-16));
#5426=CARTESIAN_POINT('',(-3.6,2.35,1.15890344179966));
#5427=CARTESIAN_POINT('',(-2.625,2.35,0.225));
#5428=CARTESIAN_POINT('',(-2.625,2.35,0.150000000000001));
#5429=CARTESIAN_POINT('',(-2.625,2.35,0.225));
#5430=CARTESIAN_POINT('',(-2.625,2.35,5.82758667710959E-16));
#5431=CARTESIAN_POINT('',(-3.1,2.35,1.30104260698261E-15));
#5432=CARTESIAN_POINT('',(-3.1,2.35,8.40256683676266E-16));
#5433=CARTESIAN_POINT('',(-3.1,2.35,0.225000000000001));
#5434=CARTESIAN_POINT('',(-3.31639065144824,2.35,0.163355162699496));
#5435=CARTESIAN_POINT('',(-3.6,2.35,1.15890344179966));
#5436=CARTESIAN_POINT('',(-3.6,2.35,1.15890344179966));
#5437=CARTESIAN_POINT('',(-3.6,2.35,1.15890344179966));
#5438=CARTESIAN_POINT('',(-3.45573956570117,2.35,1.2));
#5439=CARTESIAN_POINT('',(-3.45573956570117,2.35,1.2));
#5440=CARTESIAN_POINT('',(-3.17213021714941,2.35,0.204451720899832));
#5441=CARTESIAN_POINT('',(-3.1,2.35,0.225000000000001));
#5442=CARTESIAN_POINT('',(-3.1,2.35,0.150000000000001));
#5443=CARTESIAN_POINT('',(-3.1,2.35,0.150000000000001));
#5444=CARTESIAN_POINT('',(-2.625,0.,0.225));
#5445=CARTESIAN_POINT('',(-2.625,2.35,0.150000000000001));
#5446=CARTESIAN_POINT('',(-2.625,0.,0.225));
#5447=CARTESIAN_POINT('',(-2.625,1.65,-8.67361737988404E-16));
#5448=CARTESIAN_POINT('',(-3.1,1.65,-4.33680868994202E-16));
#5449=CARTESIAN_POINT('',(-3.1,1.65,0.));
#5450=CARTESIAN_POINT('',(-3.1,2.35,0.150000000000001));
#5451=CARTESIAN_POINT('',(-3.1,2.35,0.150000000000002));
#5452=CARTESIAN_POINT('',(-3.1,0.,0.225000000000001));
#5453=CARTESIAN_POINT('',(-3.31639065144824,1.65,0.163355162699495));
#5454=CARTESIAN_POINT('',(-3.1,0.,0.225000000000001));
#5455=CARTESIAN_POINT('',(-3.17213021714941,2.35,0.204451720899832));
#5456=CARTESIAN_POINT('',(-3.6,1.65,1.15890344179966));
#5457=CARTESIAN_POINT('',(-3.6,1.65,1.15890344179966));
#5458=CARTESIAN_POINT('',(-3.45573956570117,2.35,1.2));
#5459=CARTESIAN_POINT('',(-3.45573956570117,2.35,1.2));
#5460=CARTESIAN_POINT('',(-3.52786978285059,2.,1.17945172089983));
#5461=CARTESIAN_POINT('',(-2.625,0.,0.225));
#5462=CARTESIAN_POINT('',(-2.625,-1.65,0.225));
#5463=CARTESIAN_POINT('',(-2.625,-1.65,-1.58564567726005E-15));
#5464=CARTESIAN_POINT('',(-2.625,-2.35,0.225));
#5465=CARTESIAN_POINT('',(-2.625,-2.35,5.82758667710959E-16));
#5466=CARTESIAN_POINT('',(-2.625,-1.65,-1.30104260698261E-15));
#5467=CARTESIAN_POINT('',(-2.625,0.,0.225));
#5468=CARTESIAN_POINT('',(-2.625,-2.35,0.225));
#5469=CARTESIAN_POINT('',(-2.625,-2.35,0.150000000000001));
#5470=CARTESIAN_POINT('',(-2.625,-1.65,0.225));
#5471=CARTESIAN_POINT('',(-2.625,-1.65,0.150000000000001));
#5472=CARTESIAN_POINT('',(-2.625,-2.35,0.150000000000001));
#5473=CARTESIAN_POINT('',(-3.1,-1.65,-8.67361737988404E-16));
#5474=CARTESIAN_POINT('',(-3.1,-2.35,1.30104260698261E-15));
#5475=CARTESIAN_POINT('',(-3.1,-2.35,8.40256683676266E-16));
#5476=CARTESIAN_POINT('',(-3.1,-1.65,-4.33680868994202E-16));
#5477=CARTESIAN_POINT('',(-3.1,-1.65,-1.05709711817337E-15));
#5478=CARTESIAN_POINT('',(-3.1,-1.65,-8.67361737988404E-16));
#5479=CARTESIAN_POINT('',(-3.1,-2.35,0.150000000000001));
#5480=CARTESIAN_POINT('',(-3.1,-2.35,0.150000000000001));
#5481=CARTESIAN_POINT('',(-3.1,-2.35,0.150000000000001));
#5482=CARTESIAN_POINT('',(-3.1,-1.65,0.150000000000001));
#5483=CARTESIAN_POINT('',(-3.1,-1.65,0.150000000000001));
#5484=CARTESIAN_POINT('',(-3.1,-2.35,0.150000000000002));
#5485=CARTESIAN_POINT('',(-3.1,0.,0.225000000000001));
#5486=CARTESIAN_POINT('',(-3.1,-2.35,0.225000000000001));
#5487=CARTESIAN_POINT('',(-3.31639065144824,-2.35,0.163355162699496));
#5488=CARTESIAN_POINT('',(-3.31639065144824,-1.65,0.163355162699495));
#5489=CARTESIAN_POINT('',(-3.31639065144824,-1.65,0.163355162699495));
#5490=CARTESIAN_POINT('',(-3.1,-1.65,0.225000000000001));
#5491=CARTESIAN_POINT('',(-3.1,0.,0.225000000000001));
#5492=CARTESIAN_POINT('',(-3.1,-2.35,0.225000000000001));
#5493=CARTESIAN_POINT('',(-3.17213021714941,-2.35,0.204451720899832));
#5494=CARTESIAN_POINT('',(-3.1,-1.65,0.225000000000001));
#5495=CARTESIAN_POINT('',(-3.17213021714941,-1.65,0.204451720899832));
#5496=CARTESIAN_POINT('',(-3.17213021714941,-2.35,0.204451720899832));
#5497=CARTESIAN_POINT('',(-3.6,-1.65,1.15890344179966));
#5498=CARTESIAN_POINT('',(-3.6,-2.35,1.15890344179966));
#5499=CARTESIAN_POINT('',(-3.6,-2.35,1.15890344179966));
#5500=CARTESIAN_POINT('',(-3.6,-1.65,1.15890344179966));
#5501=CARTESIAN_POINT('',(-3.6,-1.65,1.15890344179966));
#5502=CARTESIAN_POINT('',(-3.6,-1.65,1.15890344179966));
#5503=CARTESIAN_POINT('',(-3.6,-2.35,1.15890344179966));
#5504=CARTESIAN_POINT('',(-3.45573956570117,-2.35,1.2));
#5505=CARTESIAN_POINT('',(-3.45573956570117,-2.35,1.2));
#5506=CARTESIAN_POINT('',(-3.6,-2.35,1.15890344179966));
#5507=CARTESIAN_POINT('',(-3.45573956570117,-2.35,1.2));
#5508=CARTESIAN_POINT('',(-3.45573956570117,-1.65,1.2));
#5509=CARTESIAN_POINT('',(-3.45573956570117,-1.65,1.2));
#5510=CARTESIAN_POINT('',(-3.45573956570117,-2.35,1.2));
#5511=CARTESIAN_POINT('',(-3.45573956570117,-1.65,1.2));
#5512=CARTESIAN_POINT('',(-3.45573956570117,-1.65,1.2));
#5513=CARTESIAN_POINT('',(-3.52786978285059,-2.,1.17945172089983));
#5514=CARTESIAN_POINT('',(2.625,0.,0.225));
#5515=CARTESIAN_POINT('',(2.625,1.65,0.225));
#5516=CARTESIAN_POINT('',(2.625,1.65,1.45012040569936E-15));
#5517=CARTESIAN_POINT('',(2.625,2.35,0.225));
#5518=CARTESIAN_POINT('',(2.625,2.35,1.45012040569936E-15));
#5519=CARTESIAN_POINT('',(2.625,1.65,1.73472347597681E-15));
#5520=CARTESIAN_POINT('',(2.625,0.,0.225));
#5521=CARTESIAN_POINT('',(2.625,2.35,0.225));
#5522=CARTESIAN_POINT('',(2.625,2.35,0.150000000000001));
#5523=CARTESIAN_POINT('',(2.625,1.65,0.225));
#5524=CARTESIAN_POINT('',(2.625,1.65,0.150000000000001));
#5525=CARTESIAN_POINT('',(2.625,2.35,0.150000000000002));
#5526=CARTESIAN_POINT('',(3.1,1.65,2.16840434497101E-15));
#5527=CARTESIAN_POINT('',(3.1,2.35,2.16840434497101E-15));
#5528=CARTESIAN_POINT('',(3.1,2.35,2.43945488809238E-15));
#5529=CARTESIAN_POINT('',(3.1,1.65,2.60208521396521E-15));
#5530=CARTESIAN_POINT('',(3.1,1.65,2.43945488809238E-15));
#5531=CARTESIAN_POINT('',(3.1,1.65,2.16840434497101E-15));
#5532=CARTESIAN_POINT('',(3.1,2.35,0.150000000000002));
#5533=CARTESIAN_POINT('',(3.1,2.35,0.150000000000002));
#5534=CARTESIAN_POINT('',(3.1,2.35,0.150000000000002));
#5535=CARTESIAN_POINT('',(3.1,1.65,0.150000000000002));
#5536=CARTESIAN_POINT('',(3.1,1.65,0.150000000000002));
#5537=CARTESIAN_POINT('',(3.1,2.35,0.150000000000003));
#5538=CARTESIAN_POINT('',(3.1,0.,0.225000000000001));
#5539=CARTESIAN_POINT('',(3.1,2.35,0.225000000000001));
#5540=CARTESIAN_POINT('',(3.31639065144824,2.35,0.163355162699497));
#5541=CARTESIAN_POINT('',(3.31639065144824,1.65,0.163355162699497));
#5542=CARTESIAN_POINT('',(3.31639065144824,1.65,0.163355162699497));
#5543=CARTESIAN_POINT('',(3.1,1.65,0.225000000000001));
#5544=CARTESIAN_POINT('',(3.1,0.,0.225000000000001));
#5545=CARTESIAN_POINT('',(3.1,2.35,0.225000000000001));
#5546=CARTESIAN_POINT('',(3.17213021714941,2.35,0.204451720899833));
#5547=CARTESIAN_POINT('',(3.1,1.65,0.225000000000001));
#5548=CARTESIAN_POINT('',(3.17213021714941,1.65,0.204451720899833));
#5549=CARTESIAN_POINT('',(3.17213021714941,2.35,0.204451720899833));
#5550=CARTESIAN_POINT('',(3.6,1.65,1.15890344179967));
#5551=CARTESIAN_POINT('',(3.6,2.35,1.15890344179967));
#5552=CARTESIAN_POINT('',(3.6,2.35,1.15890344179967));
#5553=CARTESIAN_POINT('',(3.6,1.65,1.15890344179967));
#5554=CARTESIAN_POINT('',(3.6,1.65,1.15890344179967));
#5555=CARTESIAN_POINT('',(3.6,1.65,1.15890344179967));
#5556=CARTESIAN_POINT('',(3.6,2.35,1.15890344179967));
#5557=CARTESIAN_POINT('',(3.45573956570117,2.35,1.2));
#5558=CARTESIAN_POINT('',(3.45573956570117,2.35,1.2));
#5559=CARTESIAN_POINT('',(3.6,2.35,1.15890344179967));
#5560=CARTESIAN_POINT('',(3.45573956570117,2.35,1.2));
#5561=CARTESIAN_POINT('',(3.45573956570117,1.65,1.2));
#5562=CARTESIAN_POINT('',(3.45573956570117,1.65,1.2));
#5563=CARTESIAN_POINT('',(3.45573956570117,2.35,1.2));
#5564=CARTESIAN_POINT('',(3.45573956570117,1.65,1.2));
#5565=CARTESIAN_POINT('',(3.45573956570117,1.65,1.2));
#5566=CARTESIAN_POINT('',(3.52786978285058,2.,1.17945172089983));
#5567=CARTESIAN_POINT('',(3.45573956570117,-1.65,1.2));
#5568=CARTESIAN_POINT('',(2.625,-1.65,0.225));
#5569=CARTESIAN_POINT('',(2.625,-1.65,1.45012040569936E-15));
#5570=CARTESIAN_POINT('',(2.625,-1.65,0.225));
#5571=CARTESIAN_POINT('',(2.625,-1.65,0.150000000000001));
#5572=CARTESIAN_POINT('',(3.1,-1.65,0.150000000000002));
#5573=CARTESIAN_POINT('',(3.1,-1.65,0.150000000000002));
#5574=CARTESIAN_POINT('',(3.1,-1.65,0.225000000000001));
#5575=CARTESIAN_POINT('',(3.17213021714941,-1.65,0.204451720899833));
#5576=CARTESIAN_POINT('',(3.45573956570117,-1.65,1.2));
#5577=CARTESIAN_POINT('',(3.45573956570117,-1.65,1.2));
#5578=CARTESIAN_POINT('',(3.45573956570117,-1.65,1.2));
#5579=CARTESIAN_POINT('',(3.6,-1.65,1.15890344179967));
#5580=CARTESIAN_POINT('',(3.6,-1.65,1.15890344179967));
#5581=CARTESIAN_POINT('',(3.31639065144824,-1.65,0.163355162699497));
#5582=CARTESIAN_POINT('',(3.1,-1.65,0.225000000000001));
#5583=CARTESIAN_POINT('',(3.1,-1.65,2.43945488809238E-15));
#5584=CARTESIAN_POINT('',(3.1,-1.65,2.16840434497101E-15));
#5585=CARTESIAN_POINT('',(3.6,-2.35,1.15890344179967));
#5586=CARTESIAN_POINT('',(2.625,-2.35,0.225));
#5587=CARTESIAN_POINT('',(2.625,-2.35,0.150000000000001));
#5588=CARTESIAN_POINT('',(2.625,-2.35,0.225));
#5589=CARTESIAN_POINT('',(2.625,-2.35,1.45012040569936E-15));
#5590=CARTESIAN_POINT('',(3.1,-2.35,2.16840434497101E-15));
#5591=CARTESIAN_POINT('',(3.1,-2.35,2.43945488809238E-15));
#5592=CARTESIAN_POINT('',(3.1,-2.35,0.225000000000001));
#5593=CARTESIAN_POINT('',(3.31639065144824,-2.35,0.163355162699497));
#5594=CARTESIAN_POINT('',(3.6,-2.35,1.15890344179967));
#5595=CARTESIAN_POINT('',(3.6,-2.35,1.15890344179967));
#5596=CARTESIAN_POINT('',(3.6,-2.35,1.15890344179967));
#5597=CARTESIAN_POINT('',(3.45573956570117,-2.35,1.2));
#5598=CARTESIAN_POINT('',(3.45573956570117,-2.35,1.2));
#5599=CARTESIAN_POINT('',(3.17213021714941,-2.35,0.204451720899833));
#5600=CARTESIAN_POINT('',(3.1,-2.35,0.225000000000001));
#5601=CARTESIAN_POINT('',(3.1,-2.35,0.150000000000002));
#5602=CARTESIAN_POINT('',(3.1,-2.35,0.150000000000002));
#5603=CARTESIAN_POINT('',(2.625,0.,0.225));
#5604=CARTESIAN_POINT('',(2.625,-2.35,0.150000000000002));
#5605=CARTESIAN_POINT('',(2.625,0.,0.225));
#5606=CARTESIAN_POINT('',(2.625,-1.65,1.73472347597681E-15));
#5607=CARTESIAN_POINT('',(3.1,-1.65,2.16840434497101E-15));
#5608=CARTESIAN_POINT('',(3.1,-1.65,2.60208521396521E-15));
#5609=CARTESIAN_POINT('',(3.1,-2.35,0.150000000000002));
#5610=CARTESIAN_POINT('',(3.1,-2.35,0.150000000000003));
#5611=CARTESIAN_POINT('',(3.1,0.,0.225000000000001));
#5612=CARTESIAN_POINT('',(3.31639065144824,-1.65,0.163355162699497));
#5613=CARTESIAN_POINT('',(3.1,0.,0.225000000000001));
#5614=CARTESIAN_POINT('',(3.17213021714941,-2.35,0.204451720899833));
#5615=CARTESIAN_POINT('',(3.6,-1.65,1.15890344179967));
#5616=CARTESIAN_POINT('',(3.6,-1.65,1.15890344179967));
#5617=CARTESIAN_POINT('',(3.45573956570117,-2.35,1.2));
#5618=CARTESIAN_POINT('',(3.45573956570117,-2.35,1.2));
#5619=CARTESIAN_POINT('',(3.52786978285058,-2.,1.17945172089983));
#5620=CARTESIAN_POINT('',(-2.85,1.275,10.4389071760745));
#5621=CARTESIAN_POINT('',(-2.85,-1.275,10.4389071760745));
#5622=CARTESIAN_POINT('',(-2.85,1.275,10.4389071760745));
#5623=CARTESIAN_POINT('',(-1.475,-2.65,10.4389071760745));
#5624=CARTESIAN_POINT('',(1.475,-2.65,10.4389071760745));
#5625=CARTESIAN_POINT('',(-1.475,-2.65,10.4389071760745));
#5626=CARTESIAN_POINT('',(2.85,-1.275,10.4389071760745));
#5627=CARTESIAN_POINT('',(2.85,1.275,10.4389071760745));
#5628=CARTESIAN_POINT('',(2.85,-1.275,10.4389071760745));
#5629=CARTESIAN_POINT('',(1.475,2.65,10.4389071760745));
#5630=CARTESIAN_POINT('',(-1.475,2.65,10.4389071760745));
#5631=CARTESIAN_POINT('',(1.475,2.65,10.4389071760745));
#5632=CARTESIAN_POINT('',(-2.85,-1.275,10.4389071760745));
#5633=CARTESIAN_POINT('',(1.475,-2.65,10.4389071760745));
#5634=CARTESIAN_POINT('',(2.85,1.275,10.4389071760745));
#5635=CARTESIAN_POINT('',(-1.475,2.65,10.4389071760745));
#5636=CARTESIAN_POINT('',(-1.175,2.9,1.));
#5637=CARTESIAN_POINT('',(-1.175,2.9,9.70015302346053));
#5638=CARTESIAN_POINT('',(-1.175,2.85,1.85));
#5639=CARTESIAN_POINT('',(1.175,-2.9,1.));
#5640=CARTESIAN_POINT('',(1.175,-2.9,9.70015302346053));
#5641=CARTESIAN_POINT('',(1.175,-2.85,1.85));
#5642=CARTESIAN_POINT('',(-3.1,-2.85,1.85));
#5643=CARTESIAN_POINT('',(-3.1,2.85,1.85));
#5644=CARTESIAN_POINT('',(-3.1,2.85,1.85));
#5645=CARTESIAN_POINT('',(-3.1,-2.85,1.85));
#5646=CARTESIAN_POINT('',(0.,0.,-7.20015302346053));
#5647=CARTESIAN_POINT('',(0.,0.,2.4));
#5648=CARTESIAN_POINT('',(-1.5,0.,2.4));
#5649=CARTESIAN_POINT('',(0.,0.,2.5));
#5650=CARTESIAN_POINT('',(0.,0.,2.5));
#5651=CARTESIAN_POINT('',(-1.4,0.,2.5));
#5652=CARTESIAN_POINT('',(0.,0.,2.4));
#5653=CARTESIAN_POINT('',(-1.075,-3.,9.70015302346053));
#5654=CARTESIAN_POINT('',(1.075,-3.,9.70015302346053));
#5655=CARTESIAN_POINT('',(1.075,3.,9.70015302346053));
#5656=CARTESIAN_POINT('',(-1.075,3.,9.70015302346053));
#5657=CARTESIAN_POINT('',(0.,0.,0.));
#5658=CARTESIAN_POINT('',(1.175,2.85,1.1));
#5659=CARTESIAN_POINT('',(1.175,2.85,2.));
#5660=CARTESIAN_POINT('',(1.175,2.85,1.9));
#5661=CARTESIAN_POINT('',(1.175,2.85,2.));
#5662=CARTESIAN_POINT('',(-3.1,2.85,1.9));
#5663=CARTESIAN_POINT('',(-1.175,2.85,1.9));
#5664=CARTESIAN_POINT('',(-1.175,2.85,2.));
#5665=CARTESIAN_POINT('',(-1.175,2.85,2.));
#5666=CARTESIAN_POINT('',(-3.1,2.85,2.));
#5667=CARTESIAN_POINT('',(1.175,-2.85,1.1));
#5668=CARTESIAN_POINT('',(-3.1,-2.85,1.9));
#5669=CARTESIAN_POINT('',(-1.175,-2.85,1.9));
#5670=CARTESIAN_POINT('',(1.175,-2.85,1.9));
#5671=CARTESIAN_POINT('',(1.175,-2.85,2.));
#5672=CARTESIAN_POINT('',(1.175,-2.85,2.));
#5673=CARTESIAN_POINT('',(-3.1,-2.85,2.));
#5674=CARTESIAN_POINT('',(-1.175,-2.85,2.));
#5675=CARTESIAN_POINT('',(-1.175,-2.85,2.));
#5676=CARTESIAN_POINT('',(3.1,-3.00351714754074,0.499999999999064));
#5677=CARTESIAN_POINT('',(3.1,-2.85,1.9));
#5678=CARTESIAN_POINT('',(3.1,-2.85,1.9));
#5679=CARTESIAN_POINT('',(3.1,2.85,1.9));
#5680=CARTESIAN_POINT('',(3.1,2.85,1.85));
#5681=CARTESIAN_POINT('',(3.1,2.9,1.85));
#5682=CARTESIAN_POINT('',(3.1,2.9,1.85));
#5683=CARTESIAN_POINT('',(3.1,2.9,1.00420950422168));
#5684=CARTESIAN_POINT('',(3.1,11.8306449248859,1.00420950422164));
#5685=CARTESIAN_POINT('',(3.1,3.,1.00420950422168));
#5686=CARTESIAN_POINT('',(3.1,3.,1.85));
#5687=CARTESIAN_POINT('',(3.1,3.,1.85));
#5688=CARTESIAN_POINT('',(3.1,2.85,1.85));
#5689=CARTESIAN_POINT('',(3.1,2.85,2.));
#5690=CARTESIAN_POINT('',(3.1,-2.85,2.));
#5691=CARTESIAN_POINT('',(3.1,-2.85,2.));
#5692=CARTESIAN_POINT('',(3.1,-2.85,1.85));
#5693=CARTESIAN_POINT('',(3.1,-3.,1.85));
#5694=CARTESIAN_POINT('',(3.1,-3.,0.900000000000001));
#5695=CARTESIAN_POINT('',(3.1,-3.,1.00420950422168));
#5696=CARTESIAN_POINT('',(3.1,-11.8306449248859,1.00420950422164));
#5697=CARTESIAN_POINT('',(3.1,-2.9,1.00420950422168));
#5698=CARTESIAN_POINT('',(3.1,-2.9,0.900000000000002));
#5699=CARTESIAN_POINT('',(3.1,-2.9,1.85));
#5700=CARTESIAN_POINT('',(3.1,-2.85,1.85));
#5701=CARTESIAN_POINT('',(-3.1,2.90527572130968,0.860567993234452));
#5702=CARTESIAN_POINT('',(-3.1,-2.85,2.));
#5703=CARTESIAN_POINT('',(-3.1,-2.85,2.));
#5704=CARTESIAN_POINT('',(-3.1,2.85,2.));
#5705=CARTESIAN_POINT('',(-3.1,2.85,1.85));
#5706=CARTESIAN_POINT('',(-3.1,3.,1.85));
#5707=CARTESIAN_POINT('',(-3.1,3.,1.85));
#5708=CARTESIAN_POINT('',(-3.1,3.,1.00420950422168));
#5709=CARTESIAN_POINT('',(-3.1,2.90527572130969,1.00420950422168));
#5710=CARTESIAN_POINT('',(-3.1,2.9,1.00420950422168));
#5711=CARTESIAN_POINT('',(-3.1,2.9,1.85));
#5712=CARTESIAN_POINT('',(-3.1,2.9,1.85));
#5713=CARTESIAN_POINT('',(-3.1,2.85,1.85));
#5714=CARTESIAN_POINT('',(-3.1,2.85,1.9));
#5715=CARTESIAN_POINT('',(-3.1,-2.85,1.9));
#5716=CARTESIAN_POINT('',(-3.1,-2.85,1.9));
#5717=CARTESIAN_POINT('',(-3.1,-2.85,1.85));
#5718=CARTESIAN_POINT('',(-3.1,-2.9,1.85));
#5719=CARTESIAN_POINT('',(-3.1,-2.9,0.900000000000002));
#5720=CARTESIAN_POINT('',(-3.1,-2.9,1.00420950422168));
#5721=CARTESIAN_POINT('',(-3.1,2.90527572130968,1.0042095042217));
#5722=CARTESIAN_POINT('',(-3.1,-3.,1.00420950422168));
#5723=CARTESIAN_POINT('',(-3.1,-3.,0.900000000000001));
#5724=CARTESIAN_POINT('',(-3.1,-3.,1.85));
#5725=CARTESIAN_POINT('',(-3.1,-2.85,1.85));
#5726=CARTESIAN_POINT('',(-3.1,-2.85,1.9));
#5727=CARTESIAN_POINT('',(0.,0.,1.9));
#5728=CARTESIAN_POINT('',(-1.575,0.,1.9));
#5729=CARTESIAN_POINT('',(-3.1,-2.85,1.9));
#5730=CARTESIAN_POINT('',(-3.1,-2.85,1.9));
#5731=CARTESIAN_POINT('',(-3.1,2.85,1.9));
#5732=CARTESIAN_POINT('',(-1.175,2.85,1.9));
#5733=CARTESIAN_POINT('',(-3.1,-2.85,2.));
#5734=CARTESIAN_POINT('',(0.,0.,2.));
#5735=CARTESIAN_POINT('',(-1.575,0.,2.));
#5736=CARTESIAN_POINT('',(3.1,2.85,2.));
#5737=CARTESIAN_POINT('',(-3.1,2.85,2.));
#5738=CARTESIAN_POINT('',(-3.1,-2.85,2.));
#5739=CARTESIAN_POINT('',(1.175,-2.85,2.));
#5740=CARTESIAN_POINT('',(0.,0.,8.9933308623681));
#5741=CARTESIAN_POINT('',(-1.175,-2.85,1.85));
#5742=CARTESIAN_POINT('',(-1.175,-2.85,1.85));
#5743=CARTESIAN_POINT('',(-1.175,-3.,1.85));
#5744=CARTESIAN_POINT('',(-1.175,-3.,2.));
#5745=CARTESIAN_POINT('',(-1.175,-3.,1.2));
#5746=CARTESIAN_POINT('',(-1.175,-2.85,1.2));
#5747=CARTESIAN_POINT('',(-1.175,-2.9,1.2));
#5748=CARTESIAN_POINT('',(-1.175,-2.9,0.900000000000002));
#5749=CARTESIAN_POINT('',(-1.175,-2.9,1.85));
#5750=CARTESIAN_POINT('',(-1.175,-2.85,1.85));
#5751=CARTESIAN_POINT('',(-3.1,-2.85,1.85));
#5752=CARTESIAN_POINT('',(-3.1,-3.,1.85));
#5753=CARTESIAN_POINT('',(-3.1,-2.85,1.85));
#5754=CARTESIAN_POINT('',(-3.1,-2.9,1.85));
#5755=CARTESIAN_POINT('',(-3.1,-3.00351714754074,0.499999999999064));
#5756=CARTESIAN_POINT('',(-2.6,-11.6200581141613,2.84768834067374));
#5757=CARTESIAN_POINT('',(-2.6,-3.10000000000093,0.526288004509617));
#5758=CARTESIAN_POINT('',(-2.6,-3.00351714754074,0.499999999999074));
#5759=CARTESIAN_POINT('',(-3.1,-3.00351714754074,0.499999999999064));
#5760=CARTESIAN_POINT('',(2.6,-3.00351714754074,0.499999999999074));
#5761=CARTESIAN_POINT('',(2.6,-11.6200581141613,2.84768834067374));
#5762=CARTESIAN_POINT('',(2.6,-3.10000000000093,0.526288004509617));
#5763=CARTESIAN_POINT('',(-3.1,-3.10000000000093,0.526288004509607));
#5764=CARTESIAN_POINT('',(3.1,-11.4886180916086,3.33010260297466));
#5765=CARTESIAN_POINT('',(-0.250000000000003,-3.75272527609124,-2.24976129511617));
#5766=CARTESIAN_POINT('',(2.97371199549076,-2.90527572130969,0.860567993234432));
#5767=CARTESIAN_POINT('',(2.97371199549076,-2.90527572130969,0.860567993234433));
#5768=CARTESIAN_POINT('',(2.97371199549076,-3.00175857376987,0.886855997744976));
#5769=CARTESIAN_POINT('',(-0.250000000000003,-3.84920812855142,-2.22347329060563));
#5770=CARTESIAN_POINT('',(-3.1,-11.4886180916086,3.33010260297466));
#5771=CARTESIAN_POINT('',(-2.97371199549076,-2.90527572130969,0.860567993234433));
#5772=CARTESIAN_POINT('',(-2.97371199549076,-3.00175857376987,0.886855997744976));
#5773=CARTESIAN_POINT('',(-2.97371199549076,-2.90527572130969,0.860567993234433));
#5774=CARTESIAN_POINT('',(-2.84999999999999,-2.93779713626438,0.741207131149529));
#5775=CARTESIAN_POINT('',(-2.84999999999999,-3.03427998872457,0.767495135660072));
#5776=CARTESIAN_POINT('',(-3.1,-3.10000000000093,0.526288004509607));
#5777=CARTESIAN_POINT('',(-3.1,-3.00175857376987,0.886855997744976));
#5778=CARTESIAN_POINT('',(-3.1,-3.00351714754074,0.499999999999064));
#5779=CARTESIAN_POINT('',(-3.1,-2.90527572130969,0.860567993234432));
#5780=CARTESIAN_POINT('',(2.99592520047131,-2.9,0.900243442216231));
#5781=CARTESIAN_POINT('',(2.98847592096347,-2.89997833165937,0.886780876288389));
#5782=CARTESIAN_POINT('',(2.98102869256665,-2.90177902135228,0.873320287452771));
#5783=CARTESIAN_POINT('',(2.97357949124097,-2.90533915437199,0.860337103315767));
#5784=CARTESIAN_POINT('',(2.99592519720328,-2.93333333333333,0.900189341977265));
#5785=CARTESIAN_POINT('',(2.98847610471222,-2.93331648001303,0.88971857014806));
#5786=CARTESIAN_POINT('',(2.98102852813552,-2.93471702988229,0.879249003156921));
#5787=CARTESIAN_POINT('',(2.97357949411086,-2.9374861168824,0.869151111736789));
#5788=CARTESIAN_POINT('',(2.99592519393525,-2.96666666666666,0.900135241738299));
#5789=CARTESIAN_POINT('',(2.98847628846097,-2.96665462836669,0.89265626400773));
#5790=CARTESIAN_POINT('',(2.98102836370439,-2.96765503841229,0.885177718861072));
#5791=CARTESIAN_POINT('',(2.97357949698075,-2.96963307939282,0.877965120157811));
#5792=CARTESIAN_POINT('',(2.99592519066722,-3.,0.900081141499334));
#5793=CARTESIAN_POINT('',(2.98847647220972,-2.99999277672035,0.895593957867401));
#5794=CARTESIAN_POINT('',(2.98102819927326,-3.0005930469423,0.891106434565222));
#5795=CARTESIAN_POINT('',(2.97357949985063,-3.00178004190324,0.886779128578834));
#5796=CARTESIAN_POINT('',(2.99579049577833,-2.9,0.900000000000001));
#5797=CARTESIAN_POINT('',(2.99579049577833,-3.,0.900000000000001));
#5798=CARTESIAN_POINT('',(2.99579049577833,-2.9,0.900000000000001));
#5799=CARTESIAN_POINT('',(2.97371199549076,-3.00175857191241,0.886856004562267));
#5800=CARTESIAN_POINT('',(2.98107149558661,-3.00059311186066,0.891133505839619));
#5801=CARTESIAN_POINT('',(2.98843099568247,-3.,0.895566568562619));
#5802=CARTESIAN_POINT('',(2.99579049577833,-3.,0.900000000000001));
#5803=CARTESIAN_POINT('',(2.99579049577833,-2.9,0.900000000000001));
#5804=CARTESIAN_POINT('',(2.98843099568247,-2.9,0.886699705687688));
#5805=CARTESIAN_POINT('',(2.98107149558661,-2.90177933558201,0.873400517518521));
#5806=CARTESIAN_POINT('',(2.97371199549076,-2.90527571573731,0.860568013686307));
#5807=CARTESIAN_POINT('',(-2.9959252004713,-2.9,0.900243442216231));
#5808=CARTESIAN_POINT('',(-2.98847592096347,-2.89997833165937,0.886780876288392));
#5809=CARTESIAN_POINT('',(-2.98102869256665,-2.90177902135228,0.873320287452768));
#5810=CARTESIAN_POINT('',(-2.97357949124097,-2.90533915437199,0.860337103315768));
#5811=CARTESIAN_POINT('',(-2.99592519720327,-2.93333333333333,0.900189341977265));
#5812=CARTESIAN_POINT('',(-2.98847610471222,-2.93331648001303,0.889718570148062));
#5813=CARTESIAN_POINT('',(-2.98102852813552,-2.93471702988229,0.87924900315692));
#5814=CARTESIAN_POINT('',(-2.97357949411086,-2.9374861168824,0.86915111173679));
#5815=CARTESIAN_POINT('',(-2.99592519393524,-2.96666666666666,0.900135241738299));
#5816=CARTESIAN_POINT('',(-2.98847628846097,-2.96665462836669,0.892656264007732));
#5817=CARTESIAN_POINT('',(-2.98102836370439,-2.9676550384123,0.885177718861071));
#5818=CARTESIAN_POINT('',(-2.97357949698074,-2.96963307939282,0.877965120157812));
#5819=CARTESIAN_POINT('',(-2.99592519066722,-3.,0.900081141499334));
#5820=CARTESIAN_POINT('',(-2.98847647220972,-2.99999277672035,0.895593957867401));
#5821=CARTESIAN_POINT('',(-2.98102819927326,-3.00059304694231,0.891106434565223));
#5822=CARTESIAN_POINT('',(-2.97357949985063,-3.00178004190324,0.886779128578834));
#5823=CARTESIAN_POINT('',(-2.99579049577832,-3.,0.900000000000001));
#5824=CARTESIAN_POINT('',(-2.98843099568247,-3.,0.895566568562619));
#5825=CARTESIAN_POINT('',(-2.98107149558661,-3.00059311186066,0.891133505839619));
#5826=CARTESIAN_POINT('',(-2.97371199549076,-3.00175857191241,0.886856004562267));
#5827=CARTESIAN_POINT('',(-2.99579049577832,-3.,0.900000000000001));
#5828=CARTESIAN_POINT('',(-2.99579049577832,-2.9,0.900000000000001));
#5829=CARTESIAN_POINT('',(-2.99579049577832,-2.9,0.900000000000001));
#5830=CARTESIAN_POINT('',(-2.97371199549076,-2.90527571573731,0.860568013686307));
#5831=CARTESIAN_POINT('',(-2.98107149558661,-2.90177933558201,0.873400517518521));
#5832=CARTESIAN_POINT('',(-2.98843099568247,-2.9,0.886699705687688));
#5833=CARTESIAN_POINT('',(-2.99579049577832,-2.9,0.900000000000001));
#5834=CARTESIAN_POINT('',(2.99579049577833,-3.04999999999906,0.900000000000001));
#5835=CARTESIAN_POINT('',(-3.1,-3.,0.900000000000001));
#5836=CARTESIAN_POINT('',(2.99579049577833,-3.04999999999906,0.900000000000001));
#5837=CARTESIAN_POINT('',(-3.1,-2.9,0.900000000000001));
#5838=CARTESIAN_POINT('',(3.1,-11.8306449248859,1.00420950422164));
#5839=CARTESIAN_POINT('',(-0.0521047521108348,-2.89999999999999,-2.14789524788916));
#5840=CARTESIAN_POINT('',(-0.0521047521108348,-2.99999999999999,-2.14789524788916));
#5841=CARTESIAN_POINT('',(1.175,-2.85,1.1));
#5842=CARTESIAN_POINT('',(1.175,-2.9,1.1));
#5843=CARTESIAN_POINT('',(1.175,-2.9,1.2));
#5844=CARTESIAN_POINT('',(1.175,-2.9,1.));
#5845=CARTESIAN_POINT('',(1.175,-2.85,1.));
#5846=CARTESIAN_POINT('',(1.175,-3.,1.));
#5847=CARTESIAN_POINT('',(1.175,-3.,1.1));
#5848=CARTESIAN_POINT('',(1.175,-3.,1.2));
#5849=CARTESIAN_POINT('',(1.175,-2.85,1.2));
#5850=CARTESIAN_POINT('',(-1.175,-2.85,1.));
#5851=CARTESIAN_POINT('',(-3.1,-2.9,1.));
#5852=CARTESIAN_POINT('',(-1.175,-2.9,1.));
#5853=CARTESIAN_POINT('',(-1.175,-2.85,1.));
#5854=CARTESIAN_POINT('',(-1.175,-3.,1.));
#5855=CARTESIAN_POINT('',(-1.175,-3.,1.));
#5856=CARTESIAN_POINT('',(-1.175,-2.85,1.1));
#5857=CARTESIAN_POINT('',(-1.175,-2.9,1.1));
#5858=CARTESIAN_POINT('',(-1.175,-3.,1.1));
#5859=CARTESIAN_POINT('',(-3.1,-11.8306449248859,1.00420950422164));
#5860=CARTESIAN_POINT('',(-3.04789524788916,-2.9,0.95210475211084));
#5861=CARTESIAN_POINT('',(-3.04789524788916,-3.,0.952104752110839));
#5862=CARTESIAN_POINT('',(-3.1,-2.9,0.900000000000002));
#5863=CARTESIAN_POINT('',(1.175,-2.9,0.900000000000001));
#5864=CARTESIAN_POINT('',(1.175,-2.9,1.85));
#5865=CARTESIAN_POINT('',(-3.1,-2.9,1.85));
#5866=CARTESIAN_POINT('',(-3.1,-3.,0.900000000000001));
#5867=CARTESIAN_POINT('',(-3.1,-3.,1.85));
#5868=CARTESIAN_POINT('',(1.175,-3.,1.85));
#5869=CARTESIAN_POINT('',(1.175,-3.,1.2));
#5870=CARTESIAN_POINT('',(1.175,-2.85,1.2));
#5871=CARTESIAN_POINT('',(1.175,-2.85,1.85));
#5872=CARTESIAN_POINT('',(1.175,-2.85,1.85));
#5873=CARTESIAN_POINT('',(-3.1,-2.85,1.85));
#5874=CARTESIAN_POINT('',(-3.1,-2.85,1.85));
#5875=CARTESIAN_POINT('',(-1.175,2.85,1.85));
#5876=CARTESIAN_POINT('',(-1.175,2.85,1.85));
#5877=CARTESIAN_POINT('',(-1.175,2.9,1.85));
#5878=CARTESIAN_POINT('',(-1.175,2.9,1.85));
#5879=CARTESIAN_POINT('',(-1.175,2.9,1.2));
#5880=CARTESIAN_POINT('',(-1.175,2.85,1.2));
#5881=CARTESIAN_POINT('',(-1.175,3.,1.2));
#5882=CARTESIAN_POINT('',(-1.175,3.,1.2));
#5883=CARTESIAN_POINT('',(-1.175,3.,1.85));
#5884=CARTESIAN_POINT('',(-1.175,2.85,1.85));
#5885=CARTESIAN_POINT('',(-1.175,2.85,1.85));
#5886=CARTESIAN_POINT('',(-3.1,3.,1.85));
#5887=CARTESIAN_POINT('',(-1.175,2.85,1.85));
#5888=CARTESIAN_POINT('',(-3.1,2.9,1.85));
#5889=CARTESIAN_POINT('',(-3.1,3.00351714754069,0.499999999999069));
#5890=CARTESIAN_POINT('',(-3.1,3.00351714754069,0.499999999999069));
#5891=CARTESIAN_POINT('',(-2.6,3.00351714754069,0.499999999999069));
#5892=CARTESIAN_POINT('',(2.6,3.00351714754069,0.499999999999069));
#5893=CARTESIAN_POINT('',(-2.6,11.6200581141616,2.8476883406726));
#5894=CARTESIAN_POINT('',(-2.6,3.10000000000088,0.526288004509602));
#5895=CARTESIAN_POINT('',(-3.1,3.10000000000088,0.526288004509602));
#5896=CARTESIAN_POINT('',(2.6,3.10000000000088,0.5262880045096));
#5897=CARTESIAN_POINT('',(2.6,11.6200581141616,2.8476883406726));
#5898=CARTESIAN_POINT('',(3.1,11.4886180916089,3.33010260297354));
#5899=CARTESIAN_POINT('',(2.97371199549077,2.90527572130968,0.860567993234453));
#5900=CARTESIAN_POINT('',(2.97371199549077,3.00175857376987,0.886855997744984));
#5901=CARTESIAN_POINT('',(2.97371199549077,2.90527619390554,0.860568143969391));
#5902=CARTESIAN_POINT('',(-0.0631440022546125,3.70360456297533,-2.06947729849858));
#5903=CARTESIAN_POINT('',(-0.0631440022546125,3.80008741543551,-2.04318929398805));
#5904=CARTESIAN_POINT('',(-3.1,11.4886180916089,3.33010260297354));
#5905=CARTESIAN_POINT('',(-3.03685599774538,2.88867642314886,0.92149112776723));
#5906=CARTESIAN_POINT('',(-2.97371199549077,2.90527572130968,0.860567993234453));
#5907=CARTESIAN_POINT('',(-2.97371199549077,2.90527572130968,0.860567993234453));
#5908=CARTESIAN_POINT('',(-2.97371199549077,3.00175857376987,0.886855997744984));
#5909=CARTESIAN_POINT('',(-3.03685599774538,2.98515927560905,0.947779132277761));
#5910=CARTESIAN_POINT('',(-3.1,2.90527572130968,0.860567993234451));
#5911=CARTESIAN_POINT('',(-3.1,2.90527572130968,0.860567993234451));
#5912=CARTESIAN_POINT('',(-3.1,3.00175857376987,0.886855997744984));
#5913=CARTESIAN_POINT('',(-3.1,3.00175857376987,0.886855997744984));
#5914=CARTESIAN_POINT('',(2.99592520047131,2.9,0.900243442216233));
#5915=CARTESIAN_POINT('',(2.98847592096348,2.89997833165938,0.886780876288407));
#5916=CARTESIAN_POINT('',(2.98102869256667,2.90177902135228,0.873320287452802));
#5917=CARTESIAN_POINT('',(2.973579491241,2.90533915437197,0.860337103315811));
#5918=CARTESIAN_POINT('',(2.99592519720328,2.93333333333333,0.900189341977267));
#5919=CARTESIAN_POINT('',(2.98847610471223,2.93331648001303,0.889718570148073));
#5920=CARTESIAN_POINT('',(2.98102852813554,2.93471702988229,0.879249003156947));
#5921=CARTESIAN_POINT('',(2.97357949411088,2.93748611688239,0.869151111736824));
#5922=CARTESIAN_POINT('',(2.99592519393525,2.96666666666666,0.900135241738301));
#5923=CARTESIAN_POINT('',(2.98847628846098,2.96665462836669,0.89265626400774));
#5924=CARTESIAN_POINT('',(2.98102836370441,2.9676550384123,0.885177718861092));
#5925=CARTESIAN_POINT('',(2.97357949698077,2.96963307939281,0.877965120157837));
#5926=CARTESIAN_POINT('',(2.99592519066722,3.,0.900081141499335));
#5927=CARTESIAN_POINT('',(2.98847647220973,2.99999277672035,0.895593957867406));
#5928=CARTESIAN_POINT('',(2.98102819927328,3.00059304694231,0.891106434565238));
#5929=CARTESIAN_POINT('',(2.97357949985066,3.00178004190323,0.886779128578849));
#5930=CARTESIAN_POINT('',(2.99579049577833,3.,0.900000000000003));
#5931=CARTESIAN_POINT('',(2.98843099568247,3.,0.895566568562623));
#5932=CARTESIAN_POINT('',(2.98107149558662,3.00059311186066,0.891133505839625));
#5933=CARTESIAN_POINT('',(2.97371199549077,3.00175857191241,0.886856004562275));
#5934=CARTESIAN_POINT('',(2.99579049577833,3.,0.900000000000004));
#5935=CARTESIAN_POINT('',(2.99579049577833,2.9,0.900000000000003));
#5936=CARTESIAN_POINT('',(2.99579049577833,2.9,0.900000000000003));
#5937=CARTESIAN_POINT('',(2.97371199549077,2.90527571573731,0.860568013686326));
#5938=CARTESIAN_POINT('',(2.98107149558662,2.90177933558201,0.873400517518535));
#5939=CARTESIAN_POINT('',(2.98843099568247,2.9,0.886699705687696));
#5940=CARTESIAN_POINT('',(2.99579049577833,2.9,0.900000000000003));
#5941=CARTESIAN_POINT('',(-2.99592520047131,2.9,0.900243442216232));
#5942=CARTESIAN_POINT('',(-2.98847592096348,2.89997833165938,0.886780876288403));
#5943=CARTESIAN_POINT('',(-2.98102869256666,2.90177902135228,0.873320287452783));
#5944=CARTESIAN_POINT('',(-2.97357949124099,2.90533915437198,0.860337103315787));
#5945=CARTESIAN_POINT('',(-2.99592519720328,2.93333333333333,0.900189341977267));
#5946=CARTESIAN_POINT('',(-2.98847610471223,2.93331648001303,0.88971857014807));
#5947=CARTESIAN_POINT('',(-2.98102852813553,2.93471702988229,0.879249003156932));
#5948=CARTESIAN_POINT('',(-2.97357949411087,2.9374861168824,0.869151111736805));
#5949=CARTESIAN_POINT('',(-2.99592519393525,2.96666666666666,0.900135241738301));
#5950=CARTESIAN_POINT('',(-2.98847628846098,2.96665462836669,0.892656264007737));
#5951=CARTESIAN_POINT('',(-2.9810283637044,2.9676550384123,0.885177718861082));
#5952=CARTESIAN_POINT('',(-2.97357949698076,2.96963307939282,0.877965120157824));
#5953=CARTESIAN_POINT('',(-2.99592519066722,3.,0.900081141499335));
#5954=CARTESIAN_POINT('',(-2.98847647220972,2.99999277672035,0.895593957867404));
#5955=CARTESIAN_POINT('',(-2.98102819927327,3.0005930469423,0.891106434565232));
#5956=CARTESIAN_POINT('',(-2.97357949985064,3.00178004190324,0.886779128578842));
#5957=CARTESIAN_POINT('',(-2.99579049577833,2.9,0.900000000000003));
#5958=CARTESIAN_POINT('',(-2.99579049577833,3.,0.900000000000002));
#5959=CARTESIAN_POINT('',(-2.99579049577833,2.9,0.900000000000003));
#5960=CARTESIAN_POINT('',(-2.97371199549077,3.00175857191241,0.886856004562275));
#5961=CARTESIAN_POINT('',(-2.98107149558662,3.00059311186066,0.891133505839625));
#5962=CARTESIAN_POINT('',(-2.98843099568247,3.,0.895566568562623));
#5963=CARTESIAN_POINT('',(-2.99579049577833,3.,0.900000000000003));
#5964=CARTESIAN_POINT('',(-2.99579049577833,2.9,0.900000000000003));
#5965=CARTESIAN_POINT('',(-2.98843099568247,2.9,0.886699705687696));
#5966=CARTESIAN_POINT('',(-2.98107149558662,2.90177933558201,0.873400517518535));
#5967=CARTESIAN_POINT('',(-2.97371199549077,2.90527571573731,0.860568013686326));
#5968=CARTESIAN_POINT('',(-2.99579049577833,3.04999999999906,0.900000000000002));
#5969=CARTESIAN_POINT('',(-3.1,2.9,0.900000000000003));
#5970=CARTESIAN_POINT('',(-2.99579049577833,3.04999999999906,0.900000000000002));
#5971=CARTESIAN_POINT('',(-3.1,3.,0.900000000000004));
#5972=CARTESIAN_POINT('',(3.1,11.8306449248859,1.00420950422164));
#5973=CARTESIAN_POINT('',(0.422895247889165,2.89999999999999,-1.67289524788916));
#5974=CARTESIAN_POINT('',(0.422895247889165,2.99999999999999,-1.67289524788916));
#5975=CARTESIAN_POINT('',(1.175,2.85,1.1));
#5976=CARTESIAN_POINT('',(1.175,2.9,1.1));
#5977=CARTESIAN_POINT('',(1.175,2.9,1.));
#5978=CARTESIAN_POINT('',(1.175,2.9,1.2));
#5979=CARTESIAN_POINT('',(1.175,2.85,1.2));
#5980=CARTESIAN_POINT('',(1.175,3.,1.2));
#5981=CARTESIAN_POINT('',(1.175,3.,1.1));
#5982=CARTESIAN_POINT('',(1.175,3.,1.));
#5983=CARTESIAN_POINT('',(1.175,2.85,1.));
#5984=CARTESIAN_POINT('',(1.175,2.85,1.));
#5985=CARTESIAN_POINT('',(-3.1,2.9,1.));
#5986=CARTESIAN_POINT('',(-1.175,2.9,1.));
#5987=CARTESIAN_POINT('',(1.175,3.,1.));
#5988=CARTESIAN_POINT('',(-1.175,3.,1.));
#5989=CARTESIAN_POINT('',(-1.175,2.85,1.));
#5990=CARTESIAN_POINT('',(-1.175,2.85,1.1));
#5991=CARTESIAN_POINT('',(-1.175,2.9,1.1));
#5992=CARTESIAN_POINT('',(-1.175,3.,1.1));
#5993=CARTESIAN_POINT('',(-3.1,11.8306449248859,1.00420950422165));
#5994=CARTESIAN_POINT('',(-3.52289524788916,2.9,1.42710475211084));
#5995=CARTESIAN_POINT('',(-3.52289524788916,3.,1.42710475211084));
#5996=CARTESIAN_POINT('',(-3.1,3.,1.85));
#5997=CARTESIAN_POINT('',(1.175,3.,2.));
#5998=CARTESIAN_POINT('',(1.175,3.,1.85));
#5999=CARTESIAN_POINT('',(-3.1,3.,1.85));
#6000=CARTESIAN_POINT('',(-3.1,2.9,1.85));
#6001=CARTESIAN_POINT('',(-3.1,2.9,1.85));
#6002=CARTESIAN_POINT('',(1.175,2.9,1.85));
#6003=CARTESIAN_POINT('',(1.175,2.9,1.85));
#6004=CARTESIAN_POINT('',(1.175,2.85,2.));
#6005=CARTESIAN_POINT('',(1.175,2.85,1.85));
#6006=CARTESIAN_POINT('',(1.175,2.85,1.85));
#6007=CARTESIAN_POINT('',(-1.175,2.85,1.85));
#6008=CARTESIAN_POINT('',(-1.175,2.85,1.85));
#6009=CARTESIAN_POINT('',(1.05412448085306E-16,-2.66969342732523E-15,-4.33680868994202E-15));
#6010=MECHANICAL_DESIGN_GEOMETRIC_PRESENTATION_REPRESENTATION('',(#2971,
#2972,#2973,#2974,#2975,#2976,#2977,#2978,#2979,#2980,#2981,#2982,#2983,
#2984,#2985,#2986,#2987,#2988,#2989,#2990,#2991,#2992,#2993,#2994,#2995,
#2996,#2997,#2998,#2999,#3000,#3001,#3002,#3003,#3004,#3005,#3006,#3007,
#3008,#3009,#3010,#3011,#3012,#3013,#3014,#3015,#3016,#3017,#3018,#3019,
#3020,#3021,#3022,#3023,#3024,#3025,#3026,#3027,#3028,#3029,#3030,#3031,
#3032,#3033,#3034,#3035,#3036,#3037,#3038,#3039,#3040,#3041,#3042,#3043,
#3044,#3045,#3046,#3047,#3048,#3049,#3050,#3051,#3052,#3053,#3054,#3055,
#3056,#3057,#3058,#3059,#3060,#3061,#3062,#3063,#3064,#3065,#3066,#3067,
#3068,#3069,#3070,#3071,#3072,#3073,#3074,#3075,#3076,#3077,#3078,#3079,
#3080,#3081,#3082,#3083,#3084),#6011);
#6011=(
GEOMETRIC_REPRESENTATION_CONTEXT(3)
GLOBAL_UNCERTAINTY_ASSIGNED_CONTEXT((#6014))
GLOBAL_UNIT_ASSIGNED_CONTEXT((#6019,#6018,#6017))
REPRESENTATION_CONTEXT('430483025816','TOP_LEVEL_ASSEMBLY_PART')
);
#6012=(
GEOMETRIC_REPRESENTATION_CONTEXT(3)
GLOBAL_UNCERTAINTY_ASSIGNED_CONTEXT((#6015))
GLOBAL_UNIT_ASSIGNED_CONTEXT((#6019,#6018,#6017))
REPRESENTATION_CONTEXT('base','COMPONENT_PART')
);
#6013=(
GEOMETRIC_REPRESENTATION_CONTEXT(3)
GLOBAL_UNCERTAINTY_ASSIGNED_CONTEXT((#6016))
GLOBAL_UNIT_ASSIGNED_CONTEXT((#6019,#6018,#6017))
REPRESENTATION_CONTEXT('top cover','COMPONENT_PART')
);
#6014=UNCERTAINTY_MEASURE_WITH_UNIT(LENGTH_MEASURE(0.005),#6019,
'DISTANCE_ACCURACY_VALUE','Maximum Tolerance applied to model');
#6015=UNCERTAINTY_MEASURE_WITH_UNIT(LENGTH_MEASURE(0.005),#6019,
'DISTANCE_ACCURACY_VALUE','Maximum Tolerance applied to model');
#6016=UNCERTAINTY_MEASURE_WITH_UNIT(LENGTH_MEASURE(0.005),#6019,
'DISTANCE_ACCURACY_VALUE','Maximum Tolerance applied to model');
#6017=(
NAMED_UNIT(*)
SI_UNIT($,.STERADIAN.)
SOLID_ANGLE_UNIT()
);
#6018=(
NAMED_UNIT(*)
PLANE_ANGLE_UNIT()
SI_UNIT($,.RADIAN.)
);
#6019=(
LENGTH_UNIT()
NAMED_UNIT(*)
SI_UNIT(.MILLI.,.METRE.)
);
#6020=PRODUCT_DEFINITION_SHAPE('','',#6025);
#6021=PRODUCT_DEFINITION_SHAPE('','',#6026);
#6022=PRODUCT_DEFINITION_SHAPE(' ','NAUO PRDDFN',#32);
#6023=PRODUCT_DEFINITION_SHAPE('','',#6027);
#6024=PRODUCT_DEFINITION_SHAPE(' ','NAUO PRDDFN',#33);
#6025=PRODUCT_DEFINITION('','',#6031,#6028);
#6026=PRODUCT_DEFINITION('','',#6032,#6029);
#6027=PRODUCT_DEFINITION('','',#6033,#6030);
#6028=PRODUCT_DEFINITION_CONTEXT('',#6047,'design');
#6029=PRODUCT_DEFINITION_CONTEXT('',#6047,'design');
#6030=PRODUCT_DEFINITION_CONTEXT('',#6047,'design');
#6031=PRODUCT_DEFINITION_FORMATION_WITH_SPECIFIED_SOURCE('','',#6037,
 .NOT_KNOWN.);
#6032=PRODUCT_DEFINITION_FORMATION_WITH_SPECIFIED_SOURCE('','',#6038,
 .NOT_KNOWN.);
#6033=PRODUCT_DEFINITION_FORMATION_WITH_SPECIFIED_SOURCE('','',#6039,
 .NOT_KNOWN.);
#6034=PRODUCT_RELATED_PRODUCT_CATEGORY('','',(#6037));
#6035=PRODUCT_RELATED_PRODUCT_CATEGORY('','',(#6038));
#6036=PRODUCT_RELATED_PRODUCT_CATEGORY('','',(#6039));
#6037=PRODUCT('430483025816','430483025816','430483025816',(#6043));
#6038=PRODUCT('base','base','base',(#6044));
#6039=PRODUCT('top cover','top cover','top cover',(#6045));
#6040=PRODUCT_CATEGORY('','');
#6041=PRODUCT_CATEGORY('','');
#6042=PRODUCT_CATEGORY('','');
#6043=PRODUCT_CONTEXT('',#6047,'mechanical');
#6044=PRODUCT_CONTEXT('',#6047,'mechanical');
#6045=PRODUCT_CONTEXT('',#6047,'mechanical');
#6046=APPLICATION_PROTOCOL_DEFINITION('international standard',
'automotive_design',2010,#6047);
#6047=APPLICATION_CONTEXT(
'core data for automotive mechanical design processes');
ENDSEC;
END-ISO-10303-21;
